rank,Longitude,Latitude,Time,Temperature,Depth,Vaissel_name,Profil_id
0,4.615499973297119,60.75529861450195,19364.226354166665,6.822,16,AA,97
1,4.448299884796143,60.74829864501953,19364.253564814815,6.808,16,AA,94
2,4.285299777984619,60.75149917602539,19364.356944444444,7.76,16,AA,90
3,4.117000102996826,60.747798919677734,19364.387569444447,7.522,16,AA,85
4,3.947499990463257,60.752201080322266,19364.416400462964,6.7780000000000005,16,AA,83
5,3.7853000164031982,60.7504997253418,19364.445497685185,8.959,16,AA,78
6,3.6135001182556152,60.75019836425781,19364.479074074075,9.0,16,AA,74
7,3.4523000717163086,60.750701904296875,19364.50988425926,9.111,16,AA,71
8,3.2816998958587646,60.74829864501953,19364.54716435185,9.176,16,AA,67
9,3.118299961090088,60.747798919677734,19364.576886574072,9.112,16,AA,62
10,2.935699939727783,60.749298095703125,19364.60935185185,9.013,16,AA,58
11,2.763000011444092,60.74829864501953,19364.63766203704,8.857,16,AA,54
12,2.5954999923706055,60.749698638916016,19364.664895833335,8.169,16,AA,47
13,2.2657999992370605,60.749298095703125,19364.71195601852,7.258,16,AA,40
14,1.9172999858856201,60.75120162963867,19364.78070601852,7.237,16,AA,36
15,1.4321999549865723,60.75230026245117,19364.851296296296,8.132,16,AA,31
16,0.9135000109672546,60.75199890136719,19364.925474537038,8.128,16,AA,23
17,0.5861999988555908,60.750701904296875,19364.988055555554,8.965,16,AA,17
18,0.2522999942302704,60.75,19365.055868055555,8.955,16,AA,15
19,0.08349999785423279,60.74919891357422,19365.082291666666,8.92,16,AA,13
20,-0.2653000056743622,60.749698638916016,19365.12835648148,8.743,16,AA,9
21,-0.4650000035762787,60.74729919433594,19365.15855324074,9.06,16,AA,7
22,-0.673799991607666,60.74869918823242,19365.19179398148,9.275,16,AA,5
23,3.0248000621795654,60.57680130004883,19367.505324074074,9.286,16,AA,60
24,2.54830002784729,60.628501892089844,19367.607916666668,8.688,16,AA,46
25,-0.9847999811172485,59.2848014831543,19369.830231481483,8.097,16,AA,3
26,-0.6563000082969666,59.2848014831543,19369.882118055557,7.57,16,AA,6
27,-0.3617999851703644,59.2848014831543,19369.925960648146,7.351,16,AA,8
28,0.006500000134110451,59.281700134277344,19369.97979166667,7.488,16,AA,12
29,0.3292999863624573,59.284698486328125,19370.039548611112,7.5280000000000005,16,AA,16
30,0.6779999732971191,59.28379821777344,19370.08986111111,7.619,16,AA,19
31,1.003499984741211,59.28219985961914,19370.14857638889,7.44,16,AA,24
32,1.3131999969482422,59.28219985961914,19370.195069444442,7.2330000000000005,16,AA,30
33,1.6562999486923218,59.28379821777344,19370.253969907408,7.2330000000000005,16,AA,33
34,2.012500047683716,59.284000396728516,19370.392291666667,7.1850000000000005,16,AA,37
35,2.246999979019165,59.28450012207031,19370.426342592593,7.164000000000001,16,AA,39
36,2.5167999267578125,59.28200149536133,19370.515162037038,7.062,16,AA,45
37,2.751300096511841,59.28369903564453,19370.551828703705,6.9510000000000005,16,AA,50
38,2.9019999504089355,59.28269958496094,19370.590659722224,7.702,16,AA,56
39,3.074199914932251,59.28730010986328,19370.61494212963,7.640000000000001,16,AA,61
40,3.227299928665161,59.28300094604492,19370.676157407408,7.689,16,AA,66
41,3.3631999492645264,59.28350067138672,19371.464363425926,8.357,16,AA,68
42,3.5336999893188477,59.283199310302734,19371.497337962963,7.373,16,AA,72
43,3.682499885559082,59.28300094604492,19371.52736111111,7.038,16,AA,77
44,3.849299907684326,59.28620147705078,19371.559618055555,6.382000000000001,16,AA,79
45,4.032700061798096,59.28919982910156,19371.591944444444,6.6450000000000005,16,AA,84
46,4.18120002746582,59.288299560546875,19371.617962962962,6.144,16,AA,88
47,4.333799839019775,59.284698486328125,19371.64386574074,6.049,16,AA,92
48,4.499199867248535,59.283199310302734,19371.673298611113,5.92,16,AA,96
49,4.668000221252441,59.28329849243164,19371.703530092593,5.933,16,AA,99
50,4.822000026702881,59.2843017578125,19371.734791666666,6.25,16,AA,102
51,4.933800220489502,59.28269958496094,19371.760925925926,6.058,16,AA,103
52,5.031199932098389,59.284000396728516,19371.781817129628,6.099,16,AA,105
53,8.084500312805176,58.050498962402344,19376.166469907406,7.5280000000000005,16,AA,125
54,8.101200103759766,57.98379898071289,19376.192916666667,6.1530000000000005,16,AA,126
55,8.163200378417969,57.91579818725586,19376.223819444444,6.66,16,AA,127
56,8.200200080871582,57.85129928588867,19376.253159722222,6.274,16,AA,128
57,8.284000396728516,57.73529815673828,19376.301064814816,6.154,16,AA,129
58,8.336199760437012,57.64970016479492,19376.334976851853,6.218,16,AA,130
59,8.38070011138916,57.54679870605469,19376.374386574073,6.118,16,AA,131
60,8.4197998046875,57.481998443603516,19376.398229166665,5.913,16,AA,132
61,8.46780014038086,57.39870071411133,19376.426550925924,5.238,16,AA,133
62,8.503800392150879,57.316001892089844,19376.455439814814,4.8,16,AA,134
63,8.555800437927246,57.23400115966797,19376.483784722222,,16,AA,135
64,7.682700157165527,57.40250015258789,19376.739988425925,6.325,16,AA,123
65,7.952499866485596,57.00149917602539,19376.915925925925,4.892,16,AA,124
66,7.653500080108643,57.00279998779297,19376.977465277778,5.3420000000000005,16,AA,122
67,7.353799819946289,56.99980163574219,19377.032824074075,5.5040000000000004,16,AA,121
68,6.997499942779541,57.00170135498047,19377.09681712963,5.739,16,AA,120
69,6.6717000007629395,57.00130081176758,19377.162685185187,6.297,16,AA,119
70,6.337699890136719,57.00019836425781,19377.228668981483,5.99,16,AA,118
71,6.004799842834473,56.999298095703125,19377.295995370372,6.117,16,AA,115
72,5.832200050354004,56.88169860839844,19377.347905092593,6.393,16,AA,114
73,6.254300117492676,56.676300048828125,19377.525902777776,5.738,16,AA,117
74,5.768700122833252,56.779300689697266,19377.631041666667,6.122,16,AA,113
75,5.6682000160217285,57.00130081176758,19377.76125,6.0280000000000005,16,AA,111
76,5.195499897003174,56.99879837036133,19377.8665625,6.146,16,AA,107
77,6.117300033569336,57.18479919433594,19378.303946759257,6.09,16,AA,116
78,5.738699913024902,57.22600173950195,19378.41138888889,5.9030000000000005,16,AA,112
79,4.645699977874756,57.838199615478516,19378.69883101852,7.224,16,AA,98
80,4.697500228881836,57.000701904296875,19379.247222222224,6.149,16,AA,100
81,4.492199897766113,57.13019943237305,19379.302511574075,6.033,16,AA,95
82,4.301300048828125,57.000701904296875,19379.38699074074,6.1530000000000005,16,AA,91
83,4.171299934387207,56.87080001831055,19379.426979166667,6.317,16,AA,86
84,3.898699998855591,57.003501892089844,19379.50136574074,6.2330000000000005,16,AA,81
85,3.6691999435424805,57.00130081176758,19379.535729166666,6.666,16,AA,75
86,3.395699977874756,57.000701904296875,19379.61664351852,6.844,16,AA,69
87,3.1273000240325928,57.89649963378906,19380.325671296294,7.261,16,AA,64
88,2.9519999027252197,57.737300872802734,19380.440671296295,6.113,16,AA,59
89,2.625999927520752,57.26599884033203,19380.585046296295,7.365,16,AA,49
90,2.753999948501587,56.920799255371094,19380.728877314814,7.219,16,AA,52
91,2.9296998977661133,56.99980163574219,19380.765659722223,7.186,16,AA,57
92,2.498699903488159,57.00230026245117,19380.824027777777,7.3580000000000005,16,AA,44
93,2.066800117492676,56.99980163574219,19380.8840625,7.438,16,AA,38
94,1.7992000579833984,56.999698638916016,19380.922152777777,7.477,16,AA,34
95,1.6002000570297241,57.00130081176758,19380.95113425926,7.546,16,AA,32
96,1.1360000371932983,57.0004997253418,19381.016215277778,7.825,16,AA,25
97,0.6697999835014343,56.999298095703125,19381.08150462963,7.878,16,AA,18
98,0.23119999468326569,56.99879837036133,19381.1458912037,7.914000000000001,16,AA,14
99,-0.23250000178813934,56.999298095703125,19381.21820601852,8.015,16,AA,10
100,-0.6983000040054321,57.00019836425781,19381.291689814814,8.03,16,AA,4
101,-1.1273000240325928,57.00130081176758,19381.355381944446,7.993,16,AA,2
102,-1.465999960899353,57.00230026245117,19381.407152777778,7.994,16,AA,1
103,2.4753000736236572,58.20349884033203,19383.328761574074,7.814,16,AA,43
104,2.450000047683716,58.698299407958984,19383.481527777778,7.473,16,AA,42
105,3.5894999504089355,58.713199615478516,19383.636689814815,7.313,16,AA,73
106,3.858299970626831,58.49020004272461,19383.732800925925,6.912,16,AA,80
107,4.177999973297119,58.313201904296875,19383.829999999998,7.089,16,AA,87
108,3.1493000984191895,59.71730041503906,19384.32238425926,8.943,16,AA,65
109,2.752700090408325,59.63029861450195,19384.445532407408,7.86,16,AA,51
110,2.758699893951416,60.06949996948242,19384.600000000002,8.177,16,AA,53
111,2.6201999187469482,60.28770065307617,19384.697361111113,7.602,16,AA,48
112,1.3006999492645264,60.770198822021484,19385.3255787037,8.672,16,AA,29
113,1.225000023841858,60.39419937133789,19385.448703703703,7.8180000000000005,16,AA,26
114,0.7757999897003174,60.17649841308594,19385.569166666664,8.374,16,AA,21
115,1.2741999626159668,59.701698303222656,19385.749733796296,7.662,16,AA,28
116,0.815500020980835,59.667198181152344,19385.854247685184,7.505,16,AA,22
117,5.1682000160217285,62.61819839477539,19413.42148148148,5.636,16,AA,106
118,5.2835001945495605,62.56679916381836,19415.581319444445,5.277,16,AA,110
119,5.229700088500977,62.55970001220703,19415.68028935185,5.904,16,AA,109
120,4.615499973297119,60.75529861450195,19364.226354166665,6.803,17,AA,97
121,4.448299884796143,60.74829864501953,19364.253564814815,6.817,17,AA,94
122,4.285299777984619,60.75149917602539,19364.356944444444,7.792,17,AA,90
123,4.117000102996826,60.747798919677734,19364.387569444447,7.527,17,AA,85
124,3.947499990463257,60.752201080322266,19364.416400462964,6.8950000000000005,17,AA,83
125,3.7853000164031982,60.7504997253418,19364.445497685185,8.958,17,AA,78
126,3.6135001182556152,60.75019836425781,19364.479074074075,8.999,17,AA,74
127,3.4523000717163086,60.750701904296875,19364.50988425926,9.123,17,AA,71
128,3.2816998958587646,60.74829864501953,19364.54716435185,9.176,17,AA,67
129,3.118299961090088,60.747798919677734,19364.576886574072,9.106,17,AA,62
130,2.935699939727783,60.749298095703125,19364.60935185185,9.012,17,AA,58
131,2.763000011444092,60.74829864501953,19364.63766203704,8.857,17,AA,54
132,2.5954999923706055,60.749698638916016,19364.664895833335,8.156,17,AA,47
133,2.2657999992370605,60.749298095703125,19364.71195601852,7.269,17,AA,40
134,1.9172999858856201,60.75120162963867,19364.78070601852,7.237,17,AA,36
135,1.4321999549865723,60.75230026245117,19364.851296296296,8.133000000000001,17,AA,31
136,0.9135000109672546,60.75199890136719,19364.925474537038,8.123,17,AA,23
137,0.5861999988555908,60.750701904296875,19364.988055555554,8.967,17,AA,17
138,0.2522999942302704,60.75,19365.055868055555,8.954,17,AA,15
139,0.08349999785423279,60.74919891357422,19365.082291666666,8.919,17,AA,13
140,-0.2653000056743622,60.749698638916016,19365.12835648148,8.74,17,AA,9
141,-0.4650000035762787,60.74729919433594,19365.15855324074,9.06,17,AA,7
142,-0.673799991607666,60.74869918823242,19365.19179398148,9.275,17,AA,5
143,3.0248000621795654,60.57680130004883,19367.505324074074,9.289,17,AA,60
144,2.54830002784729,60.628501892089844,19367.607916666668,8.693,17,AA,46
145,-0.9847999811172485,59.2848014831543,19369.830231481483,8.097,17,AA,3
146,-0.6563000082969666,59.2848014831543,19369.882118055557,7.57,17,AA,6
147,-0.3617999851703644,59.2848014831543,19369.925960648146,7.351,17,AA,8
148,0.006500000134110451,59.281700134277344,19369.97979166667,7.487,17,AA,12
149,0.3292999863624573,59.284698486328125,19370.039548611112,7.5280000000000005,17,AA,16
150,0.6779999732971191,59.28379821777344,19370.08986111111,7.619,17,AA,19
151,1.003499984741211,59.28219985961914,19370.14857638889,7.44,17,AA,24
152,1.3131999969482422,59.28219985961914,19370.195069444442,7.234,17,AA,30
153,1.6562999486923218,59.28379821777344,19370.253969907408,7.2330000000000005,17,AA,33
154,2.012500047683716,59.284000396728516,19370.392291666667,7.188,17,AA,37
155,2.246999979019165,59.28450012207031,19370.426342592593,7.164000000000001,17,AA,39
156,2.5167999267578125,59.28200149536133,19370.515162037038,7.062,17,AA,45
157,2.751300096511841,59.28369903564453,19370.551828703705,6.9510000000000005,17,AA,50
158,2.9019999504089355,59.28269958496094,19370.590659722224,7.737,17,AA,56
159,3.074199914932251,59.28730010986328,19370.61494212963,7.938,17,AA,61
160,3.227299928665161,59.28300094604492,19370.676157407408,8.052,17,AA,66
161,3.3631999492645264,59.28350067138672,19371.464363425926,8.367,17,AA,68
162,3.5336999893188477,59.283199310302734,19371.497337962963,7.3790000000000004,17,AA,72
163,3.682499885559082,59.28300094604492,19371.52736111111,7.077,17,AA,77
164,3.849299907684326,59.28620147705078,19371.559618055555,6.381,17,AA,79
165,4.032700061798096,59.28919982910156,19371.591944444444,6.6450000000000005,17,AA,84
166,4.18120002746582,59.288299560546875,19371.617962962962,6.146,17,AA,88
167,4.333799839019775,59.284698486328125,19371.64386574074,6.049,17,AA,92
168,4.499199867248535,59.283199310302734,19371.673298611113,5.921,17,AA,96
169,4.668000221252441,59.28329849243164,19371.703530092593,5.934,17,AA,99
170,4.822000026702881,59.2843017578125,19371.734791666666,6.256,17,AA,102
171,4.933800220489502,59.28269958496094,19371.760925925926,6.056,17,AA,103
172,5.031199932098389,59.284000396728516,19371.781817129628,6.157,17,AA,105
173,8.084500312805176,58.050498962402344,19376.166469907406,7.5680000000000005,17,AA,125
174,8.101200103759766,57.98379898071289,19376.192916666667,6.224,17,AA,126
175,8.163200378417969,57.91579818725586,19376.223819444444,6.668,17,AA,127
176,8.200200080871582,57.85129928588867,19376.253159722222,6.2780000000000005,17,AA,128
177,8.284000396728516,57.73529815673828,19376.301064814816,6.159,17,AA,129
178,8.336199760437012,57.64970016479492,19376.334976851853,6.242,17,AA,130
179,8.38070011138916,57.54679870605469,19376.374386574073,6.155,17,AA,131
180,8.4197998046875,57.481998443603516,19376.398229166665,5.913,17,AA,132
181,8.46780014038086,57.39870071411133,19376.426550925924,5.246,17,AA,133
182,8.503800392150879,57.316001892089844,19376.455439814814,4.801,17,AA,134
183,8.555800437927246,57.23400115966797,19376.483784722222,,17,AA,135
184,7.682700157165527,57.40250015258789,19376.739988425925,6.321,17,AA,123
185,7.952499866485596,57.00149917602539,19376.915925925925,4.891,17,AA,124
186,7.653500080108643,57.00279998779297,19376.977465277778,5.345,17,AA,122
187,7.353799819946289,56.99980163574219,19377.032824074075,5.506,17,AA,121
188,6.997499942779541,57.00170135498047,19377.09681712963,5.739,17,AA,120
189,6.6717000007629395,57.00130081176758,19377.162685185187,6.296,17,AA,119
190,6.337699890136719,57.00019836425781,19377.228668981483,5.99,17,AA,118
191,6.004799842834473,56.999298095703125,19377.295995370372,6.117,17,AA,115
192,5.832200050354004,56.88169860839844,19377.347905092593,6.393,17,AA,114
193,6.254300117492676,56.676300048828125,19377.525902777776,5.738,17,AA,117
194,5.768700122833252,56.779300689697266,19377.631041666667,6.121,17,AA,113
195,5.6682000160217285,57.00130081176758,19377.76125,6.027,17,AA,111
196,5.195499897003174,56.99879837036133,19377.8665625,6.148,17,AA,107
197,6.117300033569336,57.18479919433594,19378.303946759257,6.09,17,AA,116
198,5.738699913024902,57.22600173950195,19378.41138888889,5.9030000000000005,17,AA,112
199,4.645699977874756,57.838199615478516,19378.69883101852,7.2250000000000005,17,AA,98
200,4.697500228881836,57.000701904296875,19379.247222222224,6.149,17,AA,100
201,4.492199897766113,57.13019943237305,19379.302511574075,6.033,17,AA,95
202,4.301300048828125,57.000701904296875,19379.38699074074,6.1530000000000005,17,AA,91
203,4.171299934387207,56.87080001831055,19379.426979166667,6.316,17,AA,86
204,3.898699998855591,57.003501892089844,19379.50136574074,6.234,17,AA,81
205,3.6691999435424805,57.00130081176758,19379.535729166666,6.665,17,AA,75
206,3.395699977874756,57.000701904296875,19379.61664351852,6.845,17,AA,69
207,3.1273000240325928,57.89649963378906,19380.325671296294,7.261,17,AA,64
208,2.9519999027252197,57.737300872802734,19380.440671296295,6.113,17,AA,59
209,2.625999927520752,57.26599884033203,19380.585046296295,7.364,17,AA,49
210,2.753999948501587,56.920799255371094,19380.728877314814,7.218,17,AA,52
211,2.9296998977661133,56.99980163574219,19380.765659722223,7.187,17,AA,57
212,2.498699903488159,57.00230026245117,19380.824027777777,7.3580000000000005,17,AA,44
213,2.066800117492676,56.99980163574219,19380.8840625,7.439,17,AA,38
214,1.7992000579833984,56.999698638916016,19380.922152777777,7.477,17,AA,34
215,1.6002000570297241,57.00130081176758,19380.95113425926,7.545,17,AA,32
216,1.1360000371932983,57.0004997253418,19381.016215277778,7.825,17,AA,25
217,0.6697999835014343,56.999298095703125,19381.08150462963,7.877,17,AA,18
218,0.23119999468326569,56.99879837036133,19381.1458912037,7.914000000000001,17,AA,14
219,-0.23250000178813934,56.999298095703125,19381.21820601852,8.016,17,AA,10
220,-0.6983000040054321,57.00019836425781,19381.291689814814,8.03,17,AA,4
221,-1.1273000240325928,57.00130081176758,19381.355381944446,7.993,17,AA,2
222,-1.465999960899353,57.00230026245117,19381.407152777778,7.994,17,AA,1
223,2.4753000736236572,58.20349884033203,19383.328761574074,7.814,17,AA,43
224,2.450000047683716,58.698299407958984,19383.481527777778,7.476,17,AA,42
225,3.5894999504089355,58.713199615478516,19383.636689814815,7.314,17,AA,73
226,3.858299970626831,58.49020004272461,19383.732800925925,6.929,17,AA,80
227,4.177999973297119,58.313201904296875,19383.829999999998,7.089,17,AA,87
228,3.1493000984191895,59.71730041503906,19384.32238425926,8.945,17,AA,65
229,2.752700090408325,59.63029861450195,19384.445532407408,7.861,17,AA,51
230,2.758699893951416,60.06949996948242,19384.600000000002,8.178,17,AA,53
231,2.6201999187469482,60.28770065307617,19384.697361111113,7.601,17,AA,48
232,1.3006999492645264,60.770198822021484,19385.3255787037,8.671,17,AA,29
233,1.225000023841858,60.39419937133789,19385.448703703703,7.8180000000000005,17,AA,26
234,0.7757999897003174,60.17649841308594,19385.569166666664,8.373,17,AA,21
235,1.2741999626159668,59.701698303222656,19385.749733796296,7.6610000000000005,17,AA,28
236,0.815500020980835,59.667198181152344,19385.854247685184,7.506,17,AA,22
237,5.1682000160217285,62.61819839477539,19413.42148148148,5.662,17,AA,106
238,5.2835001945495605,62.56679916381836,19415.581319444445,5.289,17,AA,110
239,5.229700088500977,62.55970001220703,19415.68028935185,5.948,17,AA,109
240,4.615499973297119,60.75529861450195,19364.226354166665,6.783,18,AA,97
241,4.448299884796143,60.74829864501953,19364.253564814815,6.821,18,AA,94
242,4.285299777984619,60.75149917602539,19364.356944444444,7.8660000000000005,18,AA,90
243,4.117000102996826,60.747798919677734,19364.387569444447,7.595,18,AA,85
244,3.947499990463257,60.752201080322266,19364.416400462964,7.035,18,AA,83
245,3.7853000164031982,60.7504997253418,19364.445497685185,8.959,18,AA,78
246,3.6135001182556152,60.75019836425781,19364.479074074075,8.997,18,AA,74
247,3.4523000717163086,60.750701904296875,19364.50988425926,9.116,18,AA,71
248,3.2816998958587646,60.74829864501953,19364.54716435185,9.176,18,AA,67
249,3.118299961090088,60.747798919677734,19364.576886574072,9.124,18,AA,62
250,2.935699939727783,60.749298095703125,19364.60935185185,9.012,18,AA,58
251,2.763000011444092,60.74829864501953,19364.63766203704,8.859,18,AA,54
252,2.5954999923706055,60.749698638916016,19364.664895833335,8.146,18,AA,47
253,2.2657999992370605,60.749298095703125,19364.71195601852,7.268,18,AA,40
254,1.9172999858856201,60.75120162963867,19364.78070601852,7.238,18,AA,36
255,1.4321999549865723,60.75230026245117,19364.851296296296,8.146,18,AA,31
256,0.9135000109672546,60.75199890136719,19364.925474537038,8.094,18,AA,23
257,0.5861999988555908,60.750701904296875,19364.988055555554,8.968,18,AA,17
258,0.2522999942302704,60.75,19365.055868055555,8.951,18,AA,15
259,0.08349999785423279,60.74919891357422,19365.082291666666,8.919,18,AA,13
260,-0.2653000056743622,60.749698638916016,19365.12835648148,8.741,18,AA,9
261,-0.4650000035762787,60.74729919433594,19365.15855324074,9.06,18,AA,7
262,-0.673799991607666,60.74869918823242,19365.19179398148,9.274000000000001,18,AA,5
263,3.0248000621795654,60.57680130004883,19367.505324074074,9.290000000000001,18,AA,60
264,2.54830002784729,60.628501892089844,19367.607916666668,8.688,18,AA,46
265,-0.9847999811172485,59.2848014831543,19369.830231481483,8.097,18,AA,3
266,-0.6563000082969666,59.2848014831543,19369.882118055557,7.57,18,AA,6
267,-0.3617999851703644,59.2848014831543,19369.925960648146,7.351,18,AA,8
268,0.006500000134110451,59.281700134277344,19369.97979166667,7.486,18,AA,12
269,0.3292999863624573,59.284698486328125,19370.039548611112,7.5280000000000005,18,AA,16
270,0.6779999732971191,59.28379821777344,19370.08986111111,7.619,18,AA,19
271,1.003499984741211,59.28219985961914,19370.14857638889,7.44,18,AA,24
272,1.3131999969482422,59.28219985961914,19370.195069444442,7.234,18,AA,30
273,1.6562999486923218,59.28379821777344,19370.253969907408,7.2330000000000005,18,AA,33
274,2.012500047683716,59.284000396728516,19370.392291666667,7.1850000000000005,18,AA,37
275,2.246999979019165,59.28450012207031,19370.426342592593,7.165,18,AA,39
276,2.5167999267578125,59.28200149536133,19370.515162037038,7.063,18,AA,45
277,2.751300096511841,59.28369903564453,19370.551828703705,6.9510000000000005,18,AA,50
278,2.9019999504089355,59.28269958496094,19370.590659722224,7.726,18,AA,56
279,3.074199914932251,59.28730010986328,19370.61494212963,8.336,18,AA,61
280,3.227299928665161,59.28300094604492,19370.676157407408,8.064,18,AA,66
281,3.3631999492645264,59.28350067138672,19371.464363425926,8.369,18,AA,68
282,3.5336999893188477,59.283199310302734,19371.497337962963,7.382000000000001,18,AA,72
283,3.682499885559082,59.28300094604492,19371.52736111111,7.105,18,AA,77
284,3.849299907684326,59.28620147705078,19371.559618055555,6.381,18,AA,79
285,4.032700061798096,59.28919982910156,19371.591944444444,6.6450000000000005,18,AA,84
286,4.18120002746582,59.288299560546875,19371.617962962962,6.1450000000000005,18,AA,88
287,4.333799839019775,59.284698486328125,19371.64386574074,6.049,18,AA,92
288,4.499199867248535,59.283199310302734,19371.673298611113,5.921,18,AA,96
289,4.668000221252441,59.28329849243164,19371.703530092593,5.939,18,AA,99
290,4.822000026702881,59.2843017578125,19371.734791666666,6.267,18,AA,102
291,4.933800220489502,59.28269958496094,19371.760925925926,6.056,18,AA,103
292,5.031199932098389,59.284000396728516,19371.781817129628,6.162,18,AA,105
293,8.084500312805176,58.050498962402344,19376.166469907406,7.573,18,AA,125
294,8.101200103759766,57.98379898071289,19376.192916666667,6.314,18,AA,126
295,8.163200378417969,57.91579818725586,19376.223819444444,6.69,18,AA,127
296,8.200200080871582,57.85129928588867,19376.253159722222,6.277,18,AA,128
297,8.284000396728516,57.73529815673828,19376.301064814816,6.1610000000000005,18,AA,129
298,8.336199760437012,57.64970016479492,19376.334976851853,6.3180000000000005,18,AA,130
299,8.38070011138916,57.54679870605469,19376.374386574073,6.206,18,AA,131
300,8.4197998046875,57.481998443603516,19376.398229166665,5.913,18,AA,132
301,8.46780014038086,57.39870071411133,19376.426550925924,5.2540000000000004,18,AA,133
302,8.503800392150879,57.316001892089844,19376.455439814814,4.8,18,AA,134
303,8.555800437927246,57.23400115966797,19376.483784722222,,18,AA,135
304,7.682700157165527,57.40250015258789,19376.739988425925,6.322,18,AA,123
305,7.952499866485596,57.00149917602539,19376.915925925925,4.901,18,AA,124
306,7.653500080108643,57.00279998779297,19376.977465277778,,18,AA,122
307,7.353799819946289,56.99980163574219,19377.032824074075,5.505,18,AA,121
308,6.997499942779541,57.00170135498047,19377.09681712963,5.74,18,AA,120
309,6.6717000007629395,57.00130081176758,19377.162685185187,6.297,18,AA,119
310,6.337699890136719,57.00019836425781,19377.228668981483,5.99,18,AA,118
311,6.004799842834473,56.999298095703125,19377.295995370372,6.118,18,AA,115
312,5.832200050354004,56.88169860839844,19377.347905092593,6.393,18,AA,114
313,6.254300117492676,56.676300048828125,19377.525902777776,5.738,18,AA,117
314,5.768700122833252,56.779300689697266,19377.631041666667,6.121,18,AA,113
315,5.6682000160217285,57.00130081176758,19377.76125,6.0280000000000005,18,AA,111
316,5.195499897003174,56.99879837036133,19377.8665625,6.148,18,AA,107
317,6.117300033569336,57.18479919433594,19378.303946759257,6.095,18,AA,116
318,5.738699913024902,57.22600173950195,19378.41138888889,5.9030000000000005,18,AA,112
319,4.645699977874756,57.838199615478516,19378.69883101852,7.226,18,AA,98
320,4.697500228881836,57.000701904296875,19379.247222222224,6.15,18,AA,100
321,4.492199897766113,57.13019943237305,19379.302511574075,6.033,18,AA,95
322,4.301300048828125,57.000701904296875,19379.38699074074,6.1530000000000005,18,AA,91
323,4.171299934387207,56.87080001831055,19379.426979166667,6.315,18,AA,86
324,3.898699998855591,57.003501892089844,19379.50136574074,6.235,18,AA,81
325,3.6691999435424805,57.00130081176758,19379.535729166666,6.67,18,AA,75
326,3.395699977874756,57.000701904296875,19379.61664351852,6.846,18,AA,69
327,3.1273000240325928,57.89649963378906,19380.325671296294,7.2620000000000005,18,AA,64
328,2.9519999027252197,57.737300872802734,19380.440671296295,6.113,18,AA,59
329,2.625999927520752,57.26599884033203,19380.585046296295,7.363,18,AA,49
330,2.753999948501587,56.920799255371094,19380.728877314814,7.2170000000000005,18,AA,52
331,2.9296998977661133,56.99980163574219,19380.765659722223,7.187,18,AA,57
332,2.498699903488159,57.00230026245117,19380.824027777777,7.355,18,AA,44
333,2.066800117492676,56.99980163574219,19380.8840625,7.44,18,AA,38
334,1.7992000579833984,56.999698638916016,19380.922152777777,7.476,18,AA,34
335,1.6002000570297241,57.00130081176758,19380.95113425926,7.545,18,AA,32
336,1.1360000371932983,57.0004997253418,19381.016215277778,7.8260000000000005,18,AA,25
337,0.6697999835014343,56.999298095703125,19381.08150462963,7.877,18,AA,18
338,0.23119999468326569,56.99879837036133,19381.1458912037,7.914000000000001,18,AA,14
339,-0.23250000178813934,56.999298095703125,19381.21820601852,8.016,18,AA,10
340,-0.6983000040054321,57.00019836425781,19381.291689814814,8.03,18,AA,4
341,-1.1273000240325928,57.00130081176758,19381.355381944446,7.994,18,AA,2
342,-1.465999960899353,57.00230026245117,19381.407152777778,7.995,18,AA,1
343,2.4753000736236572,58.20349884033203,19383.328761574074,7.814,18,AA,43
344,2.450000047683716,58.698299407958984,19383.481527777778,7.476,18,AA,42
345,3.5894999504089355,58.713199615478516,19383.636689814815,7.321,18,AA,73
346,3.858299970626831,58.49020004272461,19383.732800925925,6.95,18,AA,80
347,4.177999973297119,58.313201904296875,19383.829999999998,7.089,18,AA,87
348,3.1493000984191895,59.71730041503906,19384.32238425926,8.945,18,AA,65
349,2.752700090408325,59.63029861450195,19384.445532407408,7.863,18,AA,51
350,2.758699893951416,60.06949996948242,19384.600000000002,8.178,18,AA,53
351,2.6201999187469482,60.28770065307617,19384.697361111113,7.601,18,AA,48
352,1.3006999492645264,60.770198822021484,19385.3255787037,8.672,18,AA,29
353,1.225000023841858,60.39419937133789,19385.448703703703,7.82,18,AA,26
354,0.7757999897003174,60.17649841308594,19385.569166666664,8.373,18,AA,21
355,1.2741999626159668,59.701698303222656,19385.749733796296,7.6610000000000005,18,AA,28
356,0.815500020980835,59.667198181152344,19385.854247685184,7.507000000000001,18,AA,22
357,5.1682000160217285,62.61819839477539,19413.42148148148,5.6770000000000005,18,AA,106
358,5.2835001945495605,62.56679916381836,19415.581319444445,5.2940000000000005,18,AA,110
359,5.229700088500977,62.55970001220703,19415.68028935185,5.932,18,AA,109
360,4.615499973297119,60.75529861450195,19364.226354166665,6.793,19,AA,97
361,4.448299884796143,60.74829864501953,19364.253564814815,6.8260000000000005,19,AA,94
362,4.285299777984619,60.75149917602539,19364.356944444444,7.952,19,AA,90
363,4.117000102996826,60.747798919677734,19364.387569444447,7.673,19,AA,85
364,3.947499990463257,60.752201080322266,19364.416400462964,7.276,19,AA,83
365,3.7853000164031982,60.7504997253418,19364.445497685185,8.96,19,AA,78
366,3.6135001182556152,60.75019836425781,19364.479074074075,8.998,19,AA,74
367,3.4523000717163086,60.750701904296875,19364.50988425926,9.120000000000001,19,AA,71
368,3.2816998958587646,60.74829864501953,19364.54716435185,9.177,19,AA,67
369,3.118299961090088,60.747798919677734,19364.576886574072,9.122,19,AA,62
370,2.935699939727783,60.749298095703125,19364.60935185185,9.012,19,AA,58
371,2.763000011444092,60.74829864501953,19364.63766203704,8.856,19,AA,54
372,2.5954999923706055,60.749698638916016,19364.664895833335,8.136000000000001,19,AA,47
373,2.2657999992370605,60.749298095703125,19364.71195601852,7.265000000000001,19,AA,40
374,1.9172999858856201,60.75120162963867,19364.78070601852,7.239,19,AA,36
375,1.4321999549865723,60.75230026245117,19364.851296296296,8.135,19,AA,31
376,0.9135000109672546,60.75199890136719,19364.925474537038,8.11,19,AA,23
377,0.5861999988555908,60.750701904296875,19364.988055555554,8.969,19,AA,17
378,0.2522999942302704,60.75,19365.055868055555,8.948,19,AA,15
379,0.08349999785423279,60.74919891357422,19365.082291666666,8.918000000000001,19,AA,13
380,-0.2653000056743622,60.749698638916016,19365.12835648148,8.742,19,AA,9
381,-0.4650000035762787,60.74729919433594,19365.15855324074,9.06,19,AA,7
382,-0.673799991607666,60.74869918823242,19365.19179398148,9.275,19,AA,5
383,3.0248000621795654,60.57680130004883,19367.505324074074,9.289,19,AA,60
384,2.54830002784729,60.628501892089844,19367.607916666668,8.682,19,AA,46
385,-0.9847999811172485,59.2848014831543,19369.830231481483,8.098,19,AA,3
386,-0.6563000082969666,59.2848014831543,19369.882118055557,7.57,19,AA,6
387,-0.3617999851703644,59.2848014831543,19369.925960648146,7.352,19,AA,8
388,0.006500000134110451,59.281700134277344,19369.97979166667,7.487,19,AA,12
389,0.3292999863624573,59.284698486328125,19370.039548611112,7.5280000000000005,19,AA,16
390,0.6779999732971191,59.28379821777344,19370.08986111111,7.619,19,AA,19
391,1.003499984741211,59.28219985961914,19370.14857638889,7.44,19,AA,24
392,1.3131999969482422,59.28219985961914,19370.195069444442,7.234,19,AA,30
393,1.6562999486923218,59.28379821777344,19370.253969907408,7.2330000000000005,19,AA,33
394,2.012500047683716,59.284000396728516,19370.392291666667,7.1850000000000005,19,AA,37
395,2.246999979019165,59.28450012207031,19370.426342592593,7.165,19,AA,39
396,2.5167999267578125,59.28200149536133,19370.515162037038,7.062,19,AA,45
397,2.751300096511841,59.28369903564453,19370.551828703705,6.9510000000000005,19,AA,50
398,2.9019999504089355,59.28269958496094,19370.590659722224,7.703,19,AA,56
399,3.074199914932251,59.28730010986328,19370.61494212963,8.614,19,AA,61
400,3.227299928665161,59.28300094604492,19370.676157407408,8.032,19,AA,66
401,3.3631999492645264,59.28350067138672,19371.464363425926,8.372,19,AA,68
402,3.5336999893188477,59.283199310302734,19371.497337962963,7.388,19,AA,72
403,3.682499885559082,59.28300094604492,19371.52736111111,7.16,19,AA,77
404,3.849299907684326,59.28620147705078,19371.559618055555,6.38,19,AA,79
405,4.032700061798096,59.28919982910156,19371.591944444444,6.6450000000000005,19,AA,84
406,4.18120002746582,59.288299560546875,19371.617962962962,6.144,19,AA,88
407,4.333799839019775,59.284698486328125,19371.64386574074,6.05,19,AA,92
408,4.499199867248535,59.283199310302734,19371.673298611113,5.921,19,AA,96
409,4.668000221252441,59.28329849243164,19371.703530092593,5.941,19,AA,99
410,4.822000026702881,59.2843017578125,19371.734791666666,6.279,19,AA,102
411,4.933800220489502,59.28269958496094,19371.760925925926,6.057,19,AA,103
412,5.031199932098389,59.284000396728516,19371.781817129628,6.163,19,AA,105
413,8.084500312805176,58.050498962402344,19376.166469907406,7.574,19,AA,125
414,8.101200103759766,57.98379898071289,19376.192916666667,6.338,19,AA,126
415,8.163200378417969,57.91579818725586,19376.223819444444,6.721,19,AA,127
416,8.200200080871582,57.85129928588867,19376.253159722222,6.276,19,AA,128
417,8.284000396728516,57.73529815673828,19376.301064814816,6.165,19,AA,129
418,8.336199760437012,57.64970016479492,19376.334976851853,6.362,19,AA,130
419,8.38070011138916,57.54679870605469,19376.374386574073,6.224,19,AA,131
420,8.4197998046875,57.481998443603516,19376.398229166665,5.913,19,AA,132
421,8.46780014038086,57.39870071411133,19376.426550925924,5.261,19,AA,133
422,8.503800392150879,57.316001892089844,19376.455439814814,4.8020000000000005,19,AA,134
423,8.555800437927246,57.23400115966797,19376.483784722222,,19,AA,135
424,7.682700157165527,57.40250015258789,19376.739988425925,6.327,19,AA,123
425,7.952499866485596,57.00149917602539,19376.915925925925,4.912,19,AA,124
426,7.653500080108643,57.00279998779297,19376.977465277778,,19,AA,122
427,7.353799819946289,56.99980163574219,19377.032824074075,5.505,19,AA,121
428,6.997499942779541,57.00170135498047,19377.09681712963,5.7410000000000005,19,AA,120
429,6.6717000007629395,57.00130081176758,19377.162685185187,6.296,19,AA,119
430,6.337699890136719,57.00019836425781,19377.228668981483,5.99,19,AA,118
431,6.004799842834473,56.999298095703125,19377.295995370372,6.118,19,AA,115
432,5.832200050354004,56.88169860839844,19377.347905092593,6.394,19,AA,114
433,6.254300117492676,56.676300048828125,19377.525902777776,5.738,19,AA,117
434,5.768700122833252,56.779300689697266,19377.631041666667,6.122,19,AA,113
435,5.6682000160217285,57.00130081176758,19377.76125,6.0280000000000005,19,AA,111
436,5.195499897003174,56.99879837036133,19377.8665625,6.148,19,AA,107
437,6.117300033569336,57.18479919433594,19378.303946759257,6.097,19,AA,116
438,5.738699913024902,57.22600173950195,19378.41138888889,5.9030000000000005,19,AA,112
439,4.645699977874756,57.838199615478516,19378.69883101852,7.226,19,AA,98
440,4.697500228881836,57.000701904296875,19379.247222222224,6.15,19,AA,100
441,4.492199897766113,57.13019943237305,19379.302511574075,6.033,19,AA,95
442,4.301300048828125,57.000701904296875,19379.38699074074,6.1530000000000005,19,AA,91
443,4.171299934387207,56.87080001831055,19379.426979166667,6.316,19,AA,86
444,3.898699998855591,57.003501892089844,19379.50136574074,6.236,19,AA,81
445,3.6691999435424805,57.00130081176758,19379.535729166666,6.678,19,AA,75
446,3.395699977874756,57.000701904296875,19379.61664351852,6.846,19,AA,69
447,3.1273000240325928,57.89649963378906,19380.325671296294,7.263,19,AA,64
448,2.9519999027252197,57.737300872802734,19380.440671296295,6.113,19,AA,59
449,2.625999927520752,57.26599884033203,19380.585046296295,7.365,19,AA,49
450,2.753999948501587,56.920799255371094,19380.728877314814,7.2170000000000005,19,AA,52
451,2.9296998977661133,56.99980163574219,19380.765659722223,7.186,19,AA,57
452,2.498699903488159,57.00230026245117,19380.824027777777,7.357,19,AA,44
453,2.066800117492676,56.99980163574219,19380.8840625,7.44,19,AA,38
454,1.7992000579833984,56.999698638916016,19380.922152777777,7.482,19,AA,34
455,1.6002000570297241,57.00130081176758,19380.95113425926,7.5440000000000005,19,AA,32
456,1.1360000371932983,57.0004997253418,19381.016215277778,7.828,19,AA,25
457,0.6697999835014343,56.999298095703125,19381.08150462963,7.877,19,AA,18
458,0.23119999468326569,56.99879837036133,19381.1458912037,7.913,19,AA,14
459,-0.23250000178813934,56.999298095703125,19381.21820601852,8.017,19,AA,10
460,-0.6983000040054321,57.00019836425781,19381.291689814814,8.031,19,AA,4
461,-1.1273000240325928,57.00130081176758,19381.355381944446,7.994,19,AA,2
462,-1.465999960899353,57.00230026245117,19381.407152777778,7.995,19,AA,1
463,2.4753000736236572,58.20349884033203,19383.328761574074,7.814,19,AA,43
464,2.450000047683716,58.698299407958984,19383.481527777778,7.478,19,AA,42
465,3.5894999504089355,58.713199615478516,19383.636689814815,7.337,19,AA,73
466,3.858299970626831,58.49020004272461,19383.732800925925,6.962,19,AA,80
467,4.177999973297119,58.313201904296875,19383.829999999998,7.089,19,AA,87
468,3.1493000984191895,59.71730041503906,19384.32238425926,8.943,19,AA,65
469,2.752700090408325,59.63029861450195,19384.445532407408,7.862,19,AA,51
470,2.758699893951416,60.06949996948242,19384.600000000002,8.178,19,AA,53
471,2.6201999187469482,60.28770065307617,19384.697361111113,7.6000000000000005,19,AA,48
472,1.3006999492645264,60.770198822021484,19385.3255787037,8.675,19,AA,29
473,1.225000023841858,60.39419937133789,19385.448703703703,7.821,19,AA,26
474,0.7757999897003174,60.17649841308594,19385.569166666664,8.373,19,AA,21
475,1.2741999626159668,59.701698303222656,19385.749733796296,7.6610000000000005,19,AA,28
476,0.815500020980835,59.667198181152344,19385.854247685184,7.507000000000001,19,AA,22
477,5.1682000160217285,62.61819839477539,19413.42148148148,5.692,19,AA,106
478,5.2835001945495605,62.56679916381836,19415.581319444445,5.2940000000000005,19,AA,110
479,5.229700088500977,62.55970001220703,19415.68028935185,5.93,19,AA,109
480,4.615499973297119,60.75529861450195,19364.226354166665,6.806,20,AA,97
481,4.448299884796143,60.74829864501953,19364.253564814815,6.839,20,AA,94
482,4.285299777984619,60.75149917602539,19364.356944444444,7.99,20,AA,90
483,4.117000102996826,60.747798919677734,19364.387569444447,7.69,20,AA,85
484,3.947499990463257,60.752201080322266,19364.416400462964,7.43,20,AA,83
485,3.7853000164031982,60.7504997253418,19364.445497685185,8.96,20,AA,78
486,3.6135001182556152,60.75019836425781,19364.479074074075,8.988,20,AA,74
487,3.4523000717163086,60.750701904296875,19364.50988425926,9.121,20,AA,71
488,3.2816998958587646,60.74829864501953,19364.54716435185,9.177,20,AA,67
489,3.118299961090088,60.747798919677734,19364.576886574072,9.126,20,AA,62
490,2.935699939727783,60.749298095703125,19364.60935185185,9.013,20,AA,58
491,2.763000011444092,60.74829864501953,19364.63766203704,8.858,20,AA,54
492,2.5954999923706055,60.749698638916016,19364.664895833335,8.133000000000001,20,AA,47
493,2.2657999992370605,60.749298095703125,19364.71195601852,7.265000000000001,20,AA,40
494,1.9172999858856201,60.75120162963867,19364.78070601852,7.238,20,AA,36
495,1.4321999549865723,60.75230026245117,19364.851296296296,8.158,20,AA,31
496,0.9135000109672546,60.75199890136719,19364.925474537038,8.116,20,AA,23
497,0.5861999988555908,60.750701904296875,19364.988055555554,8.973,20,AA,17
498,0.2522999942302704,60.75,19365.055868055555,8.949,20,AA,15
499,0.08349999785423279,60.74919891357422,19365.082291666666,8.921,20,AA,13
500,-0.2653000056743622,60.749698638916016,19365.12835648148,8.742,20,AA,9
501,-0.4650000035762787,60.74729919433594,19365.15855324074,9.06,20,AA,7
502,-0.673799991607666,60.74869918823242,19365.19179398148,9.274000000000001,20,AA,5
503,3.0248000621795654,60.57680130004883,19367.505324074074,9.289,20,AA,60
504,2.54830002784729,60.628501892089844,19367.607916666668,8.684000000000001,20,AA,46
505,-0.9847999811172485,59.2848014831543,19369.830231481483,8.098,20,AA,3
506,-0.6563000082969666,59.2848014831543,19369.882118055557,7.57,20,AA,6
507,-0.3617999851703644,59.2848014831543,19369.925960648146,7.352,20,AA,8
508,0.006500000134110451,59.281700134277344,19369.97979166667,7.486,20,AA,12
509,0.3292999863624573,59.284698486328125,19370.039548611112,7.529,20,AA,16
510,0.6779999732971191,59.28379821777344,19370.08986111111,7.62,20,AA,19
511,1.003499984741211,59.28219985961914,19370.14857638889,7.442,20,AA,24
512,1.3131999969482422,59.28219985961914,19370.195069444442,7.234,20,AA,30
513,1.6562999486923218,59.28379821777344,19370.253969907408,7.2330000000000005,20,AA,33
514,2.012500047683716,59.284000396728516,19370.392291666667,7.1850000000000005,20,AA,37
515,2.246999979019165,59.28450012207031,19370.426342592593,7.167,20,AA,39
516,2.5167999267578125,59.28200149536133,19370.515162037038,7.062,20,AA,45
517,2.751300096511841,59.28369903564453,19370.551828703705,6.952,20,AA,50
518,2.9019999504089355,59.28269958496094,19370.590659722224,7.675,20,AA,56
519,3.074199914932251,59.28730010986328,19370.61494212963,8.662,20,AA,61
520,3.227299928665161,59.28300094604492,19370.676157407408,7.978,20,AA,66
521,3.3631999492645264,59.28350067138672,19371.464363425926,8.372,20,AA,68
522,3.5336999893188477,59.283199310302734,19371.497337962963,7.391,20,AA,72
523,3.682499885559082,59.28300094604492,19371.52736111111,7.164000000000001,20,AA,77
524,3.849299907684326,59.28620147705078,19371.559618055555,6.381,20,AA,79
525,4.032700061798096,59.28919982910156,19371.591944444444,6.644,20,AA,84
526,4.18120002746582,59.288299560546875,19371.617962962962,6.147,20,AA,88
527,4.333799839019775,59.284698486328125,19371.64386574074,6.056,20,AA,92
528,4.499199867248535,59.283199310302734,19371.673298611113,5.922,20,AA,96
529,4.668000221252441,59.28329849243164,19371.703530092593,5.942,20,AA,99
530,4.822000026702881,59.2843017578125,19371.734791666666,6.284,20,AA,102
531,4.933800220489502,59.28269958496094,19371.760925925926,6.054,20,AA,103
532,5.031199932098389,59.284000396728516,19371.781817129628,6.154,20,AA,105
533,8.084500312805176,58.050498962402344,19376.166469907406,7.578,20,AA,125
534,8.101200103759766,57.98379898071289,19376.192916666667,6.36,20,AA,126
535,8.163200378417969,57.91579818725586,19376.223819444444,6.74,20,AA,127
536,8.200200080871582,57.85129928588867,19376.253159722222,6.275,20,AA,128
537,8.284000396728516,57.73529815673828,19376.301064814816,6.176,20,AA,129
538,8.336199760437012,57.64970016479492,19376.334976851853,6.388,20,AA,130
539,8.38070011138916,57.54679870605469,19376.374386574073,6.244,20,AA,131
540,8.4197998046875,57.481998443603516,19376.398229166665,5.913,20,AA,132
541,8.46780014038086,57.39870071411133,19376.426550925924,5.263,20,AA,133
542,8.503800392150879,57.316001892089844,19376.455439814814,4.8020000000000005,20,AA,134
543,8.555800437927246,57.23400115966797,19376.483784722222,,20,AA,135
544,7.682700157165527,57.40250015258789,19376.739988425925,6.372,20,AA,123
545,7.952499866485596,57.00149917602539,19376.915925925925,4.936,20,AA,124
546,7.653500080108643,57.00279998779297,19376.977465277778,,20,AA,122
547,7.353799819946289,56.99980163574219,19377.032824074075,5.507,20,AA,121
548,6.997499942779541,57.00170135498047,19377.09681712963,5.7410000000000005,20,AA,120
549,6.6717000007629395,57.00130081176758,19377.162685185187,6.295,20,AA,119
550,6.337699890136719,57.00019836425781,19377.228668981483,5.99,20,AA,118
551,6.004799842834473,56.999298095703125,19377.295995370372,6.118,20,AA,115
552,5.832200050354004,56.88169860839844,19377.347905092593,6.394,20,AA,114
553,6.254300117492676,56.676300048828125,19377.525902777776,5.738,20,AA,117
554,5.768700122833252,56.779300689697266,19377.631041666667,6.126,20,AA,113
555,5.6682000160217285,57.00130081176758,19377.76125,6.0280000000000005,20,AA,111
556,5.195499897003174,56.99879837036133,19377.8665625,6.148,20,AA,107
557,6.117300033569336,57.18479919433594,19378.303946759257,6.098,20,AA,116
558,5.738699913024902,57.22600173950195,19378.41138888889,5.902,20,AA,112
559,4.645699977874756,57.838199615478516,19378.69883101852,7.2250000000000005,20,AA,98
560,4.697500228881836,57.000701904296875,19379.247222222224,6.151,20,AA,100
561,4.492199897766113,57.13019943237305,19379.302511574075,6.033,20,AA,95
562,4.301300048828125,57.000701904296875,19379.38699074074,6.1530000000000005,20,AA,91
563,4.171299934387207,56.87080001831055,19379.426979166667,6.316,20,AA,86
564,3.898699998855591,57.003501892089844,19379.50136574074,6.236,20,AA,81
565,3.6691999435424805,57.00130081176758,19379.535729166666,6.678,20,AA,75
566,3.395699977874756,57.000701904296875,19379.61664351852,6.847,20,AA,69
567,3.1273000240325928,57.89649963378906,19380.325671296294,7.263,20,AA,64
568,2.9519999027252197,57.737300872802734,19380.440671296295,6.113,20,AA,59
569,2.625999927520752,57.26599884033203,19380.585046296295,7.365,20,AA,49
570,2.753999948501587,56.920799255371094,19380.728877314814,7.216,20,AA,52
571,2.9296998977661133,56.99980163574219,19380.765659722223,7.187,20,AA,57
572,2.498699903488159,57.00230026245117,19380.824027777777,7.368,20,AA,44
573,2.066800117492676,56.99980163574219,19380.8840625,7.441,20,AA,38
574,1.7992000579833984,56.999698638916016,19380.922152777777,7.484,20,AA,34
575,1.6002000570297241,57.00130081176758,19380.95113425926,7.5440000000000005,20,AA,32
576,1.1360000371932983,57.0004997253418,19381.016215277778,7.829,20,AA,25
577,0.6697999835014343,56.999298095703125,19381.08150462963,7.877,20,AA,18
578,0.23119999468326569,56.99879837036133,19381.1458912037,7.913,20,AA,14
579,-0.23250000178813934,56.999298095703125,19381.21820601852,8.017,20,AA,10
580,-0.6983000040054321,57.00019836425781,19381.291689814814,8.031,20,AA,4
581,-1.1273000240325928,57.00130081176758,19381.355381944446,7.994,20,AA,2
582,-1.465999960899353,57.00230026245117,19381.407152777778,7.996,20,AA,1
583,2.4753000736236572,58.20349884033203,19383.328761574074,7.814,20,AA,43
584,2.450000047683716,58.698299407958984,19383.481527777778,7.476,20,AA,42
585,3.5894999504089355,58.713199615478516,19383.636689814815,7.344,20,AA,73
586,3.858299970626831,58.49020004272461,19383.732800925925,6.994,20,AA,80
587,4.177999973297119,58.313201904296875,19383.829999999998,7.091,20,AA,87
588,3.1493000984191895,59.71730041503906,19384.32238425926,8.943,20,AA,65
589,2.752700090408325,59.63029861450195,19384.445532407408,7.865,20,AA,51
590,2.758699893951416,60.06949996948242,19384.600000000002,8.178,20,AA,53
591,2.6201999187469482,60.28770065307617,19384.697361111113,7.601,20,AA,48
592,1.3006999492645264,60.770198822021484,19385.3255787037,8.675,20,AA,29
593,1.225000023841858,60.39419937133789,19385.448703703703,7.821,20,AA,26
594,0.7757999897003174,60.17649841308594,19385.569166666664,8.374,20,AA,21
595,1.2741999626159668,59.701698303222656,19385.749733796296,7.6610000000000005,20,AA,28
596,0.815500020980835,59.667198181152344,19385.854247685184,7.507000000000001,20,AA,22
597,5.1682000160217285,62.61819839477539,19413.42148148148,5.8340000000000005,20,AA,106
598,5.2835001945495605,62.56679916381836,19415.581319444445,5.276,20,AA,110
599,5.229700088500977,62.55970001220703,19415.68028935185,5.9590000000000005,20,AA,109
600,4.615499973297119,60.75529861450195,19364.226354166665,6.806,21,AA,97
601,4.448299884796143,60.74829864501953,19364.253564814815,6.861,21,AA,94
602,4.285299777984619,60.75149917602539,19364.356944444444,7.996,21,AA,90
603,4.117000102996826,60.747798919677734,19364.387569444447,7.695,21,AA,85
604,3.947499990463257,60.752201080322266,19364.416400462964,7.598,21,AA,83
605,3.7853000164031982,60.7504997253418,19364.445497685185,8.96,21,AA,78
606,3.6135001182556152,60.75019836425781,19364.479074074075,8.977,21,AA,74
607,3.4523000717163086,60.750701904296875,19364.50988425926,9.122,21,AA,71
608,3.2816998958587646,60.74829864501953,19364.54716435185,9.178,21,AA,67
609,3.118299961090088,60.747798919677734,19364.576886574072,9.124,21,AA,62
610,2.935699939727783,60.749298095703125,19364.60935185185,9.01,21,AA,58
611,2.763000011444092,60.74829864501953,19364.63766203704,8.86,21,AA,54
612,2.5954999923706055,60.749698638916016,19364.664895833335,8.120000000000001,21,AA,47
613,2.2657999992370605,60.749298095703125,19364.71195601852,7.2700000000000005,21,AA,40
614,1.9172999858856201,60.75120162963867,19364.78070601852,7.238,21,AA,36
615,1.4321999549865723,60.75230026245117,19364.851296296296,8.163,21,AA,31
616,0.9135000109672546,60.75199890136719,19364.925474537038,8.116,21,AA,23
617,0.5861999988555908,60.750701904296875,19364.988055555554,8.975,21,AA,17
618,0.2522999942302704,60.75,19365.055868055555,8.952,21,AA,15
619,0.08349999785423279,60.74919891357422,19365.082291666666,8.923,21,AA,13
620,-0.2653000056743622,60.749698638916016,19365.12835648148,8.738,21,AA,9
621,-0.4650000035762787,60.74729919433594,19365.15855324074,9.06,21,AA,7
622,-0.673799991607666,60.74869918823242,19365.19179398148,9.274000000000001,21,AA,5
623,3.0248000621795654,60.57680130004883,19367.505324074074,9.289,21,AA,60
624,2.54830002784729,60.628501892089844,19367.607916666668,8.683,21,AA,46
625,-0.9847999811172485,59.2848014831543,19369.830231481483,8.098,21,AA,3
626,-0.6563000082969666,59.2848014831543,19369.882118055557,7.57,21,AA,6
627,-0.3617999851703644,59.2848014831543,19369.925960648146,7.352,21,AA,8
628,0.006500000134110451,59.281700134277344,19369.97979166667,7.486,21,AA,12
629,0.3292999863624573,59.284698486328125,19370.039548611112,7.529,21,AA,16
630,0.6779999732971191,59.28379821777344,19370.08986111111,7.62,21,AA,19
631,1.003499984741211,59.28219985961914,19370.14857638889,7.442,21,AA,24
632,1.3131999969482422,59.28219985961914,19370.195069444442,7.234,21,AA,30
633,1.6562999486923218,59.28379821777344,19370.253969907408,7.2330000000000005,21,AA,33
634,2.012500047683716,59.284000396728516,19370.392291666667,7.1850000000000005,21,AA,37
635,2.246999979019165,59.28450012207031,19370.426342592593,7.167,21,AA,39
636,2.5167999267578125,59.28200149536133,19370.515162037038,7.063,21,AA,45
637,2.751300096511841,59.28369903564453,19370.551828703705,6.952,21,AA,50
638,2.9019999504089355,59.28269958496094,19370.590659722224,7.648000000000001,21,AA,56
639,3.074199914932251,59.28730010986328,19370.61494212963,8.716,21,AA,61
640,3.227299928665161,59.28300094604492,19370.676157407408,7.976,21,AA,66
641,3.3631999492645264,59.28350067138672,19371.464363425926,8.372,21,AA,68
642,3.5336999893188477,59.283199310302734,19371.497337962963,7.401,21,AA,72
643,3.682499885559082,59.28300094604492,19371.52736111111,7.234,21,AA,77
644,3.849299907684326,59.28620147705078,19371.559618055555,6.38,21,AA,79
645,4.032700061798096,59.28919982910156,19371.591944444444,6.6450000000000005,21,AA,84
646,4.18120002746582,59.288299560546875,19371.617962962962,6.147,21,AA,88
647,4.333799839019775,59.284698486328125,19371.64386574074,6.058,21,AA,92
648,4.499199867248535,59.283199310302734,19371.673298611113,5.922,21,AA,96
649,4.668000221252441,59.28329849243164,19371.703530092593,5.94,21,AA,99
650,4.822000026702881,59.2843017578125,19371.734791666666,6.284,21,AA,102
651,4.933800220489502,59.28269958496094,19371.760925925926,6.053,21,AA,103
652,5.031199932098389,59.284000396728516,19371.781817129628,6.164,21,AA,105
653,8.084500312805176,58.050498962402344,19376.166469907406,7.579,21,AA,125
654,8.101200103759766,57.98379898071289,19376.192916666667,6.391,21,AA,126
655,8.163200378417969,57.91579818725586,19376.223819444444,6.755,21,AA,127
656,8.200200080871582,57.85129928588867,19376.253159722222,6.275,21,AA,128
657,8.284000396728516,57.73529815673828,19376.301064814816,6.186,21,AA,129
658,8.336199760437012,57.64970016479492,19376.334976851853,6.3950000000000005,21,AA,130
659,8.38070011138916,57.54679870605469,19376.374386574073,6.269,21,AA,131
660,8.4197998046875,57.481998443603516,19376.398229166665,5.91,21,AA,132
661,8.46780014038086,57.39870071411133,19376.426550925924,5.263,21,AA,133
662,8.503800392150879,57.316001892089844,19376.455439814814,4.805,21,AA,134
663,8.555800437927246,57.23400115966797,19376.483784722222,,21,AA,135
664,7.682700157165527,57.40250015258789,19376.739988425925,6.407,21,AA,123
665,7.952499866485596,57.00149917602539,19376.915925925925,4.938,21,AA,124
666,7.653500080108643,57.00279998779297,19376.977465277778,,21,AA,122
667,7.353799819946289,56.99980163574219,19377.032824074075,5.515,21,AA,121
668,6.997499942779541,57.00170135498047,19377.09681712963,5.74,21,AA,120
669,6.6717000007629395,57.00130081176758,19377.162685185187,6.295,21,AA,119
670,6.337699890136719,57.00019836425781,19377.228668981483,5.9910000000000005,21,AA,118
671,6.004799842834473,56.999298095703125,19377.295995370372,6.12,21,AA,115
672,5.832200050354004,56.88169860839844,19377.347905092593,6.394,21,AA,114
673,6.254300117492676,56.676300048828125,19377.525902777776,5.738,21,AA,117
674,5.768700122833252,56.779300689697266,19377.631041666667,6.1240000000000006,21,AA,113
675,5.6682000160217285,57.00130081176758,19377.76125,6.0280000000000005,21,AA,111
676,5.195499897003174,56.99879837036133,19377.8665625,6.149,21,AA,107
677,6.117300033569336,57.18479919433594,19378.303946759257,6.1000000000000005,21,AA,116
678,5.738699913024902,57.22600173950195,19378.41138888889,5.901,21,AA,112
679,4.645699977874756,57.838199615478516,19378.69883101852,7.2250000000000005,21,AA,98
680,4.697500228881836,57.000701904296875,19379.247222222224,6.151,21,AA,100
681,4.492199897766113,57.13019943237305,19379.302511574075,6.033,21,AA,95
682,4.301300048828125,57.000701904296875,19379.38699074074,6.154,21,AA,91
683,4.171299934387207,56.87080001831055,19379.426979166667,6.316,21,AA,86
684,3.898699998855591,57.003501892089844,19379.50136574074,6.237,21,AA,81
685,3.6691999435424805,57.00130081176758,19379.535729166666,6.682,21,AA,75
686,3.395699977874756,57.000701904296875,19379.61664351852,6.847,21,AA,69
687,3.1273000240325928,57.89649963378906,19380.325671296294,7.263,21,AA,64
688,2.9519999027252197,57.737300872802734,19380.440671296295,6.113,21,AA,59
689,2.625999927520752,57.26599884033203,19380.585046296295,7.3660000000000005,21,AA,49
690,2.753999948501587,56.920799255371094,19380.728877314814,7.214,21,AA,52
691,2.9296998977661133,56.99980163574219,19380.765659722223,7.186,21,AA,57
692,2.498699903488159,57.00230026245117,19380.824027777777,7.368,21,AA,44
693,2.066800117492676,56.99980163574219,19380.8840625,7.438,21,AA,38
694,1.7992000579833984,56.999698638916016,19380.922152777777,7.482,21,AA,34
695,1.6002000570297241,57.00130081176758,19380.95113425926,7.543,21,AA,32
696,1.1360000371932983,57.0004997253418,19381.016215277778,7.829,21,AA,25
697,0.6697999835014343,56.999298095703125,19381.08150462963,7.877,21,AA,18
698,0.23119999468326569,56.99879837036133,19381.1458912037,7.912,21,AA,14
699,-0.23250000178813934,56.999298095703125,19381.21820601852,8.017,21,AA,10
700,-0.6983000040054321,57.00019836425781,19381.291689814814,8.031,21,AA,4
701,-1.1273000240325928,57.00130081176758,19381.355381944446,7.994,21,AA,2
702,-1.465999960899353,57.00230026245117,19381.407152777778,7.996,21,AA,1
703,2.4753000736236572,58.20349884033203,19383.328761574074,7.814,21,AA,43
704,2.450000047683716,58.698299407958984,19383.481527777778,7.473,21,AA,42
705,3.5894999504089355,58.713199615478516,19383.636689814815,7.3580000000000005,21,AA,73
706,3.858299970626831,58.49020004272461,19383.732800925925,7.051,21,AA,80
707,4.177999973297119,58.313201904296875,19383.829999999998,7.09,21,AA,87
708,3.1493000984191895,59.71730041503906,19384.32238425926,8.942,21,AA,65
709,2.752700090408325,59.63029861450195,19384.445532407408,7.864,21,AA,51
710,2.758699893951416,60.06949996948242,19384.600000000002,8.179,21,AA,53
711,2.6201999187469482,60.28770065307617,19384.697361111113,7.601,21,AA,48
712,1.3006999492645264,60.770198822021484,19385.3255787037,8.675,21,AA,29
713,1.225000023841858,60.39419937133789,19385.448703703703,7.821,21,AA,26
714,0.7757999897003174,60.17649841308594,19385.569166666664,8.375,21,AA,21
715,1.2741999626159668,59.701698303222656,19385.749733796296,7.662,21,AA,28
716,0.815500020980835,59.667198181152344,19385.854247685184,7.507000000000001,21,AA,22
717,5.1682000160217285,62.61819839477539,19413.42148148148,5.912,21,AA,106
718,5.2835001945495605,62.56679916381836,19415.581319444445,5.282,21,AA,110
719,5.229700088500977,62.55970001220703,19415.68028935185,6.033,21,AA,109
720,4.615499973297119,60.75529861450195,19364.226354166665,6.7940000000000005,22,AA,97
721,4.448299884796143,60.74829864501953,19364.253564814815,6.8740000000000006,22,AA,94
722,4.285299777984619,60.75149917602539,19364.356944444444,8.03,22,AA,90
723,4.117000102996826,60.747798919677734,19364.387569444447,7.711,22,AA,85
724,3.947499990463257,60.752201080322266,19364.416400462964,7.756,22,AA,83
725,3.7853000164031982,60.7504997253418,19364.445497685185,8.96,22,AA,78
726,3.6135001182556152,60.75019836425781,19364.479074074075,8.976,22,AA,74
727,3.4523000717163086,60.750701904296875,19364.50988425926,9.124,22,AA,71
728,3.2816998958587646,60.74829864501953,19364.54716435185,9.178,22,AA,67
729,3.118299961090088,60.747798919677734,19364.576886574072,9.126,22,AA,62
730,2.935699939727783,60.749298095703125,19364.60935185185,9.013,22,AA,58
731,2.763000011444092,60.74829864501953,19364.63766203704,8.861,22,AA,54
732,2.5954999923706055,60.749698638916016,19364.664895833335,8.121,22,AA,47
733,2.2657999992370605,60.749298095703125,19364.71195601852,7.271,22,AA,40
734,1.9172999858856201,60.75120162963867,19364.78070601852,7.238,22,AA,36
735,1.4321999549865723,60.75230026245117,19364.851296296296,8.145,22,AA,31
736,0.9135000109672546,60.75199890136719,19364.925474537038,8.134,22,AA,23
737,0.5861999988555908,60.750701904296875,19364.988055555554,8.977,22,AA,17
738,0.2522999942302704,60.75,19365.055868055555,8.953,22,AA,15
739,0.08349999785423279,60.74919891357422,19365.082291666666,8.923,22,AA,13
740,-0.2653000056743622,60.749698638916016,19365.12835648148,8.72,22,AA,9
741,-0.4650000035762787,60.74729919433594,19365.15855324074,9.06,22,AA,7
742,-0.673799991607666,60.74869918823242,19365.19179398148,9.275,22,AA,5
743,3.0248000621795654,60.57680130004883,19367.505324074074,9.290000000000001,22,AA,60
744,2.54830002784729,60.628501892089844,19367.607916666668,8.681000000000001,22,AA,46
745,-0.9847999811172485,59.2848014831543,19369.830231481483,8.099,22,AA,3
746,-0.6563000082969666,59.2848014831543,19369.882118055557,7.57,22,AA,6
747,-0.3617999851703644,59.2848014831543,19369.925960648146,7.352,22,AA,8
748,0.006500000134110451,59.281700134277344,19369.97979166667,7.486,22,AA,12
749,0.3292999863624573,59.284698486328125,19370.039548611112,7.529,22,AA,16
750,0.6779999732971191,59.28379821777344,19370.08986111111,7.62,22,AA,19
751,1.003499984741211,59.28219985961914,19370.14857638889,7.444,22,AA,24
752,1.3131999969482422,59.28219985961914,19370.195069444442,7.234,22,AA,30
753,1.6562999486923218,59.28379821777344,19370.253969907408,7.2330000000000005,22,AA,33
754,2.012500047683716,59.284000396728516,19370.392291666667,7.1850000000000005,22,AA,37
755,2.246999979019165,59.28450012207031,19370.426342592593,7.167,22,AA,39
756,2.5167999267578125,59.28200149536133,19370.515162037038,7.063,22,AA,45
757,2.751300096511841,59.28369903564453,19370.551828703705,6.952,22,AA,50
758,2.9019999504089355,59.28269958496094,19370.590659722224,7.656000000000001,22,AA,56
759,3.074199914932251,59.28730010986328,19370.61494212963,8.72,22,AA,61
760,3.227299928665161,59.28300094604492,19370.676157407408,7.992,22,AA,66
761,3.3631999492645264,59.28350067138672,19371.464363425926,8.388,22,AA,68
762,3.5336999893188477,59.283199310302734,19371.497337962963,7.414000000000001,22,AA,72
763,3.682499885559082,59.28300094604492,19371.52736111111,7.261,22,AA,77
764,3.849299907684326,59.28620147705078,19371.559618055555,6.38,22,AA,79
765,4.032700061798096,59.28919982910156,19371.591944444444,6.643,22,AA,84
766,4.18120002746582,59.288299560546875,19371.617962962962,6.149,22,AA,88
767,4.333799839019775,59.284698486328125,19371.64386574074,6.062,22,AA,92
768,4.499199867248535,59.283199310302734,19371.673298611113,5.923,22,AA,96
769,4.668000221252441,59.28329849243164,19371.703530092593,5.941,22,AA,99
770,4.822000026702881,59.2843017578125,19371.734791666666,6.284,22,AA,102
771,4.933800220489502,59.28269958496094,19371.760925925926,6.053,22,AA,103
772,5.031199932098389,59.284000396728516,19371.781817129628,6.166,22,AA,105
773,8.084500312805176,58.050498962402344,19376.166469907406,7.578,22,AA,125
774,8.101200103759766,57.98379898071289,19376.192916666667,6.413,22,AA,126
775,8.163200378417969,57.91579818725586,19376.223819444444,6.748,22,AA,127
776,8.200200080871582,57.85129928588867,19376.253159722222,6.285,22,AA,128
777,8.284000396728516,57.73529815673828,19376.301064814816,6.189,22,AA,129
778,8.336199760437012,57.64970016479492,19376.334976851853,6.402,22,AA,130
779,8.38070011138916,57.54679870605469,19376.374386574073,6.279,22,AA,131
780,8.4197998046875,57.481998443603516,19376.398229166665,5.91,22,AA,132
781,8.46780014038086,57.39870071411133,19376.426550925924,5.2620000000000005,22,AA,133
782,8.503800392150879,57.316001892089844,19376.455439814814,4.805,22,AA,134
783,8.555800437927246,57.23400115966797,19376.483784722222,,22,AA,135
784,7.682700157165527,57.40250015258789,19376.739988425925,6.415,22,AA,123
785,7.952499866485596,57.00149917602539,19376.915925925925,4.937,22,AA,124
786,7.653500080108643,57.00279998779297,19376.977465277778,,22,AA,122
787,7.353799819946289,56.99980163574219,19377.032824074075,5.519,22,AA,121
788,6.997499942779541,57.00170135498047,19377.09681712963,5.739,22,AA,120
789,6.6717000007629395,57.00130081176758,19377.162685185187,6.297,22,AA,119
790,6.337699890136719,57.00019836425781,19377.228668981483,5.99,22,AA,118
791,6.004799842834473,56.999298095703125,19377.295995370372,6.119,22,AA,115
792,5.832200050354004,56.88169860839844,19377.347905092593,6.394,22,AA,114
793,6.254300117492676,56.676300048828125,19377.525902777776,5.738,22,AA,117
794,5.768700122833252,56.779300689697266,19377.631041666667,6.122,22,AA,113
795,5.6682000160217285,57.00130081176758,19377.76125,6.0280000000000005,22,AA,111
796,5.195499897003174,56.99879837036133,19377.8665625,6.148,22,AA,107
797,6.117300033569336,57.18479919433594,19378.303946759257,6.1000000000000005,22,AA,116
798,5.738699913024902,57.22600173950195,19378.41138888889,5.899,22,AA,112
799,4.645699977874756,57.838199615478516,19378.69883101852,7.223,22,AA,98
800,4.697500228881836,57.000701904296875,19379.247222222224,6.15,22,AA,100
801,4.492199897766113,57.13019943237305,19379.302511574075,6.033,22,AA,95
802,4.301300048828125,57.000701904296875,19379.38699074074,6.154,22,AA,91
803,4.171299934387207,56.87080001831055,19379.426979166667,6.316,22,AA,86
804,3.898699998855591,57.003501892089844,19379.50136574074,6.237,22,AA,81
805,3.6691999435424805,57.00130081176758,19379.535729166666,6.691,22,AA,75
806,3.395699977874756,57.000701904296875,19379.61664351852,6.848,22,AA,69
807,3.1273000240325928,57.89649963378906,19380.325671296294,7.264,22,AA,64
808,2.9519999027252197,57.737300872802734,19380.440671296295,6.113,22,AA,59
809,2.625999927520752,57.26599884033203,19380.585046296295,7.365,22,AA,49
810,2.753999948501587,56.920799255371094,19380.728877314814,7.215,22,AA,52
811,2.9296998977661133,56.99980163574219,19380.765659722223,7.186,22,AA,57
812,2.498699903488159,57.00230026245117,19380.824027777777,7.364,22,AA,44
813,2.066800117492676,56.99980163574219,19380.8840625,7.438,22,AA,38
814,1.7992000579833984,56.999698638916016,19380.922152777777,7.485,22,AA,34
815,1.6002000570297241,57.00130081176758,19380.95113425926,7.5440000000000005,22,AA,32
816,1.1360000371932983,57.0004997253418,19381.016215277778,7.829,22,AA,25
817,0.6697999835014343,56.999298095703125,19381.08150462963,7.878,22,AA,18
818,0.23119999468326569,56.99879837036133,19381.1458912037,7.912,22,AA,14
819,-0.23250000178813934,56.999298095703125,19381.21820601852,8.017,22,AA,10
820,-0.6983000040054321,57.00019836425781,19381.291689814814,8.031,22,AA,4
821,-1.1273000240325928,57.00130081176758,19381.355381944446,7.995,22,AA,2
822,-1.465999960899353,57.00230026245117,19381.407152777778,7.996,22,AA,1
823,2.4753000736236572,58.20349884033203,19383.328761574074,7.814,22,AA,43
824,2.450000047683716,58.698299407958984,19383.481527777778,7.474,22,AA,42
825,3.5894999504089355,58.713199615478516,19383.636689814815,7.371,22,AA,73
826,3.858299970626831,58.49020004272461,19383.732800925925,7.087,22,AA,80
827,4.177999973297119,58.313201904296875,19383.829999999998,7.089,22,AA,87
828,3.1493000984191895,59.71730041503906,19384.32238425926,8.945,22,AA,65
829,2.752700090408325,59.63029861450195,19384.445532407408,7.861,22,AA,51
830,2.758699893951416,60.06949996948242,19384.600000000002,8.18,22,AA,53
831,2.6201999187469482,60.28770065307617,19384.697361111113,7.601,22,AA,48
832,1.3006999492645264,60.770198822021484,19385.3255787037,8.675,22,AA,29
833,1.225000023841858,60.39419937133789,19385.448703703703,7.82,22,AA,26
834,0.7757999897003174,60.17649841308594,19385.569166666664,8.375,22,AA,21
835,1.2741999626159668,59.701698303222656,19385.749733796296,7.662,22,AA,28
836,0.815500020980835,59.667198181152344,19385.854247685184,7.507000000000001,22,AA,22
837,5.1682000160217285,62.61819839477539,19413.42148148148,5.917,22,AA,106
838,5.2835001945495605,62.56679916381836,19415.581319444445,5.288,22,AA,110
839,5.229700088500977,62.55970001220703,19415.68028935185,6.081,22,AA,109
840,4.615499973297119,60.75529861450195,19364.226354166665,6.796,23,AA,97
841,4.448299884796143,60.74829864501953,19364.253564814815,6.893,23,AA,94
842,4.285299777984619,60.75149917602539,19364.356944444444,8.071,23,AA,90
843,4.117000102996826,60.747798919677734,19364.387569444447,7.7330000000000005,23,AA,85
844,3.947499990463257,60.752201080322266,19364.416400462964,7.873,23,AA,83
845,3.7853000164031982,60.7504997253418,19364.445497685185,8.96,23,AA,78
846,3.6135001182556152,60.75019836425781,19364.479074074075,8.979000000000001,23,AA,74
847,3.4523000717163086,60.750701904296875,19364.50988425926,9.123,23,AA,71
848,3.2816998958587646,60.74829864501953,19364.54716435185,9.178,23,AA,67
849,3.118299961090088,60.747798919677734,19364.576886574072,9.127,23,AA,62
850,2.935699939727783,60.749298095703125,19364.60935185185,9.014,23,AA,58
851,2.763000011444092,60.74829864501953,19364.63766203704,8.857,23,AA,54
852,2.5954999923706055,60.749698638916016,19364.664895833335,8.120000000000001,23,AA,47
853,2.2657999992370605,60.749298095703125,19364.71195601852,7.271,23,AA,40
854,1.9172999858856201,60.75120162963867,19364.78070601852,7.238,23,AA,36
855,1.4321999549865723,60.75230026245117,19364.851296296296,8.15,23,AA,31
856,0.9135000109672546,60.75199890136719,19364.925474537038,8.118,23,AA,23
857,0.5861999988555908,60.750701904296875,19364.988055555554,8.979000000000001,23,AA,17
858,0.2522999942302704,60.75,19365.055868055555,8.953,23,AA,15
859,0.08349999785423279,60.74919891357422,19365.082291666666,8.922,23,AA,13
860,-0.2653000056743622,60.749698638916016,19365.12835648148,8.72,23,AA,9
861,-0.4650000035762787,60.74729919433594,19365.15855324074,9.059000000000001,23,AA,7
862,-0.673799991607666,60.74869918823242,19365.19179398148,9.275,23,AA,5
863,3.0248000621795654,60.57680130004883,19367.505324074074,9.291,23,AA,60
864,2.54830002784729,60.628501892089844,19367.607916666668,8.678,23,AA,46
865,-0.9847999811172485,59.2848014831543,19369.830231481483,8.099,23,AA,3
866,-0.6563000082969666,59.2848014831543,19369.882118055557,7.57,23,AA,6
867,-0.3617999851703644,59.2848014831543,19369.925960648146,7.352,23,AA,8
868,0.006500000134110451,59.281700134277344,19369.97979166667,7.486,23,AA,12
869,0.3292999863624573,59.284698486328125,19370.039548611112,7.5280000000000005,23,AA,16
870,0.6779999732971191,59.28379821777344,19370.08986111111,7.62,23,AA,19
871,1.003499984741211,59.28219985961914,19370.14857638889,7.444,23,AA,24
872,1.3131999969482422,59.28219985961914,19370.195069444442,7.234,23,AA,30
873,1.6562999486923218,59.28379821777344,19370.253969907408,7.2330000000000005,23,AA,33
874,2.012500047683716,59.284000396728516,19370.392291666667,7.186,23,AA,37
875,2.246999979019165,59.28450012207031,19370.426342592593,7.167,23,AA,39
876,2.5167999267578125,59.28200149536133,19370.515162037038,7.063,23,AA,45
877,2.751300096511841,59.28369903564453,19370.551828703705,6.954,23,AA,50
878,2.9019999504089355,59.28269958496094,19370.590659722224,7.648000000000001,23,AA,56
879,3.074199914932251,59.28730010986328,19370.61494212963,8.757,23,AA,61
880,3.227299928665161,59.28300094604492,19370.676157407408,7.984,23,AA,66
881,3.3631999492645264,59.28350067138672,19371.464363425926,8.402000000000001,23,AA,68
882,3.5336999893188477,59.283199310302734,19371.497337962963,7.445,23,AA,72
883,3.682499885559082,59.28300094604492,19371.52736111111,7.265000000000001,23,AA,77
884,3.849299907684326,59.28620147705078,19371.559618055555,6.38,23,AA,79
885,4.032700061798096,59.28919982910156,19371.591944444444,6.642,23,AA,84
886,4.18120002746582,59.288299560546875,19371.617962962962,6.15,23,AA,88
887,4.333799839019775,59.284698486328125,19371.64386574074,6.067,23,AA,92
888,4.499199867248535,59.283199310302734,19371.673298611113,5.922,23,AA,96
889,4.668000221252441,59.28329849243164,19371.703530092593,5.945,23,AA,99
890,4.822000026702881,59.2843017578125,19371.734791666666,6.285,23,AA,102
891,4.933800220489502,59.28269958496094,19371.760925925926,6.0600000000000005,23,AA,103
892,5.031199932098389,59.284000396728516,19371.781817129628,6.1690000000000005,23,AA,105
893,8.084500312805176,58.050498962402344,19376.166469907406,7.579,23,AA,125
894,8.101200103759766,57.98379898071289,19376.192916666667,6.426,23,AA,126
895,8.163200378417969,57.91579818725586,19376.223819444444,6.746,23,AA,127
896,8.200200080871582,57.85129928588867,19376.253159722222,6.309,23,AA,128
897,8.284000396728516,57.73529815673828,19376.301064814816,6.192,23,AA,129
898,8.336199760437012,57.64970016479492,19376.334976851853,6.402,23,AA,130
899,8.38070011138916,57.54679870605469,19376.374386574073,6.282,23,AA,131
900,8.4197998046875,57.481998443603516,19376.398229166665,5.91,23,AA,132
901,8.46780014038086,57.39870071411133,19376.426550925924,5.2620000000000005,23,AA,133
902,8.503800392150879,57.316001892089844,19376.455439814814,4.805,23,AA,134
903,8.555800437927246,57.23400115966797,19376.483784722222,,23,AA,135
904,7.682700157165527,57.40250015258789,19376.739988425925,6.429,23,AA,123
905,7.952499866485596,57.00149917602539,19376.915925925925,,23,AA,124
906,7.653500080108643,57.00279998779297,19376.977465277778,,23,AA,122
907,7.353799819946289,56.99980163574219,19377.032824074075,5.515,23,AA,121
908,6.997499942779541,57.00170135498047,19377.09681712963,5.739,23,AA,120
909,6.6717000007629395,57.00130081176758,19377.162685185187,6.298,23,AA,119
910,6.337699890136719,57.00019836425781,19377.228668981483,5.99,23,AA,118
911,6.004799842834473,56.999298095703125,19377.295995370372,6.12,23,AA,115
912,5.832200050354004,56.88169860839844,19377.347905092593,6.394,23,AA,114
913,6.254300117492676,56.676300048828125,19377.525902777776,5.738,23,AA,117
914,5.768700122833252,56.779300689697266,19377.631041666667,6.126,23,AA,113
915,5.6682000160217285,57.00130081176758,19377.76125,6.0280000000000005,23,AA,111
916,5.195499897003174,56.99879837036133,19377.8665625,6.149,23,AA,107
917,6.117300033569336,57.18479919433594,19378.303946759257,6.101,23,AA,116
918,5.738699913024902,57.22600173950195,19378.41138888889,5.894,23,AA,112
919,4.645699977874756,57.838199615478516,19378.69883101852,7.2250000000000005,23,AA,98
920,4.697500228881836,57.000701904296875,19379.247222222224,6.15,23,AA,100
921,4.492199897766113,57.13019943237305,19379.302511574075,6.033,23,AA,95
922,4.301300048828125,57.000701904296875,19379.38699074074,6.154,23,AA,91
923,4.171299934387207,56.87080001831055,19379.426979166667,6.316,23,AA,86
924,3.898699998855591,57.003501892089844,19379.50136574074,6.236,23,AA,81
925,3.6691999435424805,57.00130081176758,19379.535729166666,6.69,23,AA,75
926,3.395699977874756,57.000701904296875,19379.61664351852,6.848,23,AA,69
927,3.1273000240325928,57.89649963378906,19380.325671296294,7.263,23,AA,64
928,2.9519999027252197,57.737300872802734,19380.440671296295,6.113,23,AA,59
929,2.625999927520752,57.26599884033203,19380.585046296295,7.365,23,AA,49
930,2.753999948501587,56.920799255371094,19380.728877314814,7.223,23,AA,52
931,2.9296998977661133,56.99980163574219,19380.765659722223,7.186,23,AA,57
932,2.498699903488159,57.00230026245117,19380.824027777777,7.364,23,AA,44
933,2.066800117492676,56.99980163574219,19380.8840625,7.44,23,AA,38
934,1.7992000579833984,56.999698638916016,19380.922152777777,7.487,23,AA,34
935,1.6002000570297241,57.00130081176758,19380.95113425926,7.543,23,AA,32
936,1.1360000371932983,57.0004997253418,19381.016215277778,7.829,23,AA,25
937,0.6697999835014343,56.999298095703125,19381.08150462963,7.877,23,AA,18
938,0.23119999468326569,56.99879837036133,19381.1458912037,7.913,23,AA,14
939,-0.23250000178813934,56.999298095703125,19381.21820601852,8.017,23,AA,10
940,-0.6983000040054321,57.00019836425781,19381.291689814814,8.031,23,AA,4
941,-1.1273000240325928,57.00130081176758,19381.355381944446,7.995,23,AA,2
942,-1.465999960899353,57.00230026245117,19381.407152777778,7.996,23,AA,1
943,2.4753000736236572,58.20349884033203,19383.328761574074,7.814,23,AA,43
944,2.450000047683716,58.698299407958984,19383.481527777778,7.474,23,AA,42
945,3.5894999504089355,58.713199615478516,19383.636689814815,7.391,23,AA,73
946,3.858299970626831,58.49020004272461,19383.732800925925,7.0920000000000005,23,AA,80
947,4.177999973297119,58.313201904296875,19383.829999999998,7.09,23,AA,87
948,3.1493000984191895,59.71730041503906,19384.32238425926,8.946,23,AA,65
949,2.752700090408325,59.63029861450195,19384.445532407408,7.859,23,AA,51
950,2.758699893951416,60.06949996948242,19384.600000000002,8.181000000000001,23,AA,53
951,2.6201999187469482,60.28770065307617,19384.697361111113,7.601,23,AA,48
952,1.3006999492645264,60.770198822021484,19385.3255787037,8.672,23,AA,29
953,1.225000023841858,60.39419937133789,19385.448703703703,7.819,23,AA,26
954,0.7757999897003174,60.17649841308594,19385.569166666664,8.375,23,AA,21
955,1.2741999626159668,59.701698303222656,19385.749733796296,7.6610000000000005,23,AA,28
956,0.815500020980835,59.667198181152344,19385.854247685184,7.507000000000001,23,AA,22
957,5.1682000160217285,62.61819839477539,19413.42148148148,5.916,23,AA,106
958,5.2835001945495605,62.56679916381836,19415.581319444445,5.257,23,AA,110
959,5.229700088500977,62.55970001220703,19415.68028935185,6.138,23,AA,109
960,4.615499973297119,60.75529861450195,19364.226354166665,6.7940000000000005,24,AA,97
961,4.448299884796143,60.74829864501953,19364.253564814815,6.926,24,AA,94
962,4.285299777984619,60.75149917602539,19364.356944444444,8.102,24,AA,90
963,4.117000102996826,60.747798919677734,19364.387569444447,7.743,24,AA,85
964,3.947499990463257,60.752201080322266,19364.416400462964,7.91,24,AA,83
965,3.7853000164031982,60.7504997253418,19364.445497685185,8.96,24,AA,78
966,3.6135001182556152,60.75019836425781,19364.479074074075,8.985,24,AA,74
967,3.4523000717163086,60.750701904296875,19364.50988425926,9.09,24,AA,71
968,3.2816998958587646,60.74829864501953,19364.54716435185,9.179,24,AA,67
969,3.118299961090088,60.747798919677734,19364.576886574072,9.127,24,AA,62
970,2.935699939727783,60.749298095703125,19364.60935185185,9.014,24,AA,58
971,2.763000011444092,60.74829864501953,19364.63766203704,8.856,24,AA,54
972,2.5954999923706055,60.749698638916016,19364.664895833335,8.118,24,AA,47
973,2.2657999992370605,60.749298095703125,19364.71195601852,7.272,24,AA,40
974,1.9172999858856201,60.75120162963867,19364.78070601852,7.239,24,AA,36
975,1.4321999549865723,60.75230026245117,19364.851296296296,8.121,24,AA,31
976,0.9135000109672546,60.75199890136719,19364.925474537038,8.1,24,AA,23
977,0.5861999988555908,60.750701904296875,19364.988055555554,8.977,24,AA,17
978,0.2522999942302704,60.75,19365.055868055555,8.950000000000001,24,AA,15
979,0.08349999785423279,60.74919891357422,19365.082291666666,8.92,24,AA,13
980,-0.2653000056743622,60.749698638916016,19365.12835648148,8.724,24,AA,9
981,-0.4650000035762787,60.74729919433594,19365.15855324074,9.059000000000001,24,AA,7
982,-0.673799991607666,60.74869918823242,19365.19179398148,9.275,24,AA,5
983,3.0248000621795654,60.57680130004883,19367.505324074074,9.292,24,AA,60
984,2.54830002784729,60.628501892089844,19367.607916666668,8.68,24,AA,46
985,-0.9847999811172485,59.2848014831543,19369.830231481483,8.099,24,AA,3
986,-0.6563000082969666,59.2848014831543,19369.882118055557,7.57,24,AA,6
987,-0.3617999851703644,59.2848014831543,19369.925960648146,7.353,24,AA,8
988,0.006500000134110451,59.281700134277344,19369.97979166667,7.487,24,AA,12
989,0.3292999863624573,59.284698486328125,19370.039548611112,7.526,24,AA,16
990,0.6779999732971191,59.28379821777344,19370.08986111111,7.62,24,AA,19
991,1.003499984741211,59.28219985961914,19370.14857638889,7.445,24,AA,24
992,1.3131999969482422,59.28219985961914,19370.195069444442,7.234,24,AA,30
993,1.6562999486923218,59.28379821777344,19370.253969907408,7.2330000000000005,24,AA,33
994,2.012500047683716,59.284000396728516,19370.392291666667,7.1850000000000005,24,AA,37
995,2.246999979019165,59.28450012207031,19370.426342592593,7.167,24,AA,39
996,2.5167999267578125,59.28200149536133,19370.515162037038,7.063,24,AA,45
997,2.751300096511841,59.28369903564453,19370.551828703705,6.954,24,AA,50
998,2.9019999504089355,59.28269958496094,19370.590659722224,7.642,24,AA,56
999,3.074199914932251,59.28730010986328,19370.61494212963,8.767,24,AA,61
1000,3.227299928665161,59.28300094604492,19370.676157407408,7.981,24,AA,66
1001,3.3631999492645264,59.28350067138672,19371.464363425926,8.411,24,AA,68
1002,3.5336999893188477,59.283199310302734,19371.497337962963,7.472,24,AA,72
1003,3.682499885559082,59.28300094604492,19371.52736111111,7.2780000000000005,24,AA,77
1004,3.849299907684326,59.28620147705078,19371.559618055555,6.381,24,AA,79
1005,4.032700061798096,59.28919982910156,19371.591944444444,6.642,24,AA,84
1006,4.18120002746582,59.288299560546875,19371.617962962962,6.15,24,AA,88
1007,4.333799839019775,59.284698486328125,19371.64386574074,6.069,24,AA,92
1008,4.499199867248535,59.283199310302734,19371.673298611113,5.923,24,AA,96
1009,4.668000221252441,59.28329849243164,19371.703530092593,5.944,24,AA,99
1010,4.822000026702881,59.2843017578125,19371.734791666666,6.2860000000000005,24,AA,102
1011,4.933800220489502,59.28269958496094,19371.760925925926,6.0680000000000005,24,AA,103
1012,5.031199932098389,59.284000396728516,19371.781817129628,6.194,24,AA,105
1013,8.084500312805176,58.050498962402344,19376.166469907406,7.578,24,AA,125
1014,8.101200103759766,57.98379898071289,19376.192916666667,6.454,24,AA,126
1015,8.163200378417969,57.91579818725586,19376.223819444444,6.763,24,AA,127
1016,8.200200080871582,57.85129928588867,19376.253159722222,6.3180000000000005,24,AA,128
1017,8.284000396728516,57.73529815673828,19376.301064814816,6.195,24,AA,129
1018,8.336199760437012,57.64970016479492,19376.334976851853,6.4030000000000005,24,AA,130
1019,8.38070011138916,57.54679870605469,19376.374386574073,6.283,24,AA,131
1020,8.4197998046875,57.481998443603516,19376.398229166665,5.91,24,AA,132
1021,8.46780014038086,57.39870071411133,19376.426550925924,5.263,24,AA,133
1022,8.503800392150879,57.316001892089844,19376.455439814814,4.804,24,AA,134
1023,8.555800437927246,57.23400115966797,19376.483784722222,,24,AA,135
1024,7.682700157165527,57.40250015258789,19376.739988425925,6.432,24,AA,123
1025,7.952499866485596,57.00149917602539,19376.915925925925,,24,AA,124
1026,7.653500080108643,57.00279998779297,19376.977465277778,,24,AA,122
1027,7.353799819946289,56.99980163574219,19377.032824074075,5.517,24,AA,121
1028,6.997499942779541,57.00170135498047,19377.09681712963,,24,AA,120
1029,6.6717000007629395,57.00130081176758,19377.162685185187,6.299,24,AA,119
1030,6.337699890136719,57.00019836425781,19377.228668981483,5.9910000000000005,24,AA,118
1031,6.004799842834473,56.999298095703125,19377.295995370372,6.12,24,AA,115
1032,5.832200050354004,56.88169860839844,19377.347905092593,6.394,24,AA,114
1033,6.254300117492676,56.676300048828125,19377.525902777776,5.738,24,AA,117
1034,5.768700122833252,56.779300689697266,19377.631041666667,6.140000000000001,24,AA,113
1035,5.6682000160217285,57.00130081176758,19377.76125,6.0280000000000005,24,AA,111
1036,5.195499897003174,56.99879837036133,19377.8665625,6.15,24,AA,107
1037,6.117300033569336,57.18479919433594,19378.303946759257,6.101,24,AA,116
1038,5.738699913024902,57.22600173950195,19378.41138888889,5.893,24,AA,112
1039,4.645699977874756,57.838199615478516,19378.69883101852,7.227,24,AA,98
1040,4.697500228881836,57.000701904296875,19379.247222222224,6.151,24,AA,100
1041,4.492199897766113,57.13019943237305,19379.302511574075,6.033,24,AA,95
1042,4.301300048828125,57.000701904296875,19379.38699074074,6.154,24,AA,91
1043,4.171299934387207,56.87080001831055,19379.426979166667,6.317,24,AA,86
1044,3.898699998855591,57.003501892089844,19379.50136574074,6.234,24,AA,81
1045,3.6691999435424805,57.00130081176758,19379.535729166666,6.688,24,AA,75
1046,3.395699977874756,57.000701904296875,19379.61664351852,6.849,24,AA,69
1047,3.1273000240325928,57.89649963378906,19380.325671296294,7.2620000000000005,24,AA,64
1048,2.9519999027252197,57.737300872802734,19380.440671296295,6.114,24,AA,59
1049,2.625999927520752,57.26599884033203,19380.585046296295,7.3660000000000005,24,AA,49
1050,2.753999948501587,56.920799255371094,19380.728877314814,7.226,24,AA,52
1051,2.9296998977661133,56.99980163574219,19380.765659722223,7.187,24,AA,57
1052,2.498699903488159,57.00230026245117,19380.824027777777,7.364,24,AA,44
1053,2.066800117492676,56.99980163574219,19380.8840625,7.441,24,AA,38
1054,1.7992000579833984,56.999698638916016,19380.922152777777,7.488,24,AA,34
1055,1.6002000570297241,57.00130081176758,19380.95113425926,7.5440000000000005,24,AA,32
1056,1.1360000371932983,57.0004997253418,19381.016215277778,7.83,24,AA,25
1057,0.6697999835014343,56.999298095703125,19381.08150462963,7.878,24,AA,18
1058,0.23119999468326569,56.99879837036133,19381.1458912037,7.913,24,AA,14
1059,-0.23250000178813934,56.999298095703125,19381.21820601852,8.017,24,AA,10
1060,-0.6983000040054321,57.00019836425781,19381.291689814814,8.031,24,AA,4
1061,-1.1273000240325928,57.00130081176758,19381.355381944446,7.995,24,AA,2
1062,-1.465999960899353,57.00230026245117,19381.407152777778,7.996,24,AA,1
1063,2.4753000736236572,58.20349884033203,19383.328761574074,7.815,24,AA,43
1064,2.450000047683716,58.698299407958984,19383.481527777778,7.474,24,AA,42
1065,3.5894999504089355,58.713199615478516,19383.636689814815,7.391,24,AA,73
1066,3.858299970626831,58.49020004272461,19383.732800925925,7.103,24,AA,80
1067,4.177999973297119,58.313201904296875,19383.829999999998,7.096,24,AA,87
1068,3.1493000984191895,59.71730041503906,19384.32238425926,8.946,24,AA,65
1069,2.752700090408325,59.63029861450195,19384.445532407408,7.8580000000000005,24,AA,51
1070,2.758699893951416,60.06949996948242,19384.600000000002,8.181000000000001,24,AA,53
1071,2.6201999187469482,60.28770065307617,19384.697361111113,7.601,24,AA,48
1072,1.3006999492645264,60.770198822021484,19385.3255787037,8.673,24,AA,29
1073,1.225000023841858,60.39419937133789,19385.448703703703,7.8180000000000005,24,AA,26
1074,0.7757999897003174,60.17649841308594,19385.569166666664,8.375,24,AA,21
1075,1.2741999626159668,59.701698303222656,19385.749733796296,7.6610000000000005,24,AA,28
1076,0.815500020980835,59.667198181152344,19385.854247685184,7.507000000000001,24,AA,22
1077,5.1682000160217285,62.61819839477539,19413.42148148148,5.938,24,AA,106
1078,5.2835001945495605,62.56679916381836,19415.581319444445,5.251,24,AA,110
1079,5.229700088500977,62.55970001220703,19415.68028935185,6.207,24,AA,109
1080,5.199699878692627,62.36520004272461,19376.416006944444,7.307,16,GT,108
1081,4.948299884796143,62.486000061035156,19376.46545138889,7.6690000000000005,16,GT,104
1082,4.700200080871582,62.604801177978516,19376.541805555556,7.816,16,GT,101
1083,4.439300060272217,62.72129821777344,19376.5946875,8.769,16,GT,93
1084,4.197000026702881,62.83720016479492,19376.703344907408,8.951,16,GT,89
1085,3.920300006866455,62.95750045776367,19376.779675925925,8.63,16,GT,82
1086,3.680299997329712,63.0802001953125,19376.894652777777,9.073,16,GT,76
1087,3.4007999897003174,63.19329833984375,19377.191574074073,8.364,16,GT,70
1088,3.1247000694274902,63.30820083618164,19377.41828703704,8.262,16,GT,63
1089,2.871299982070923,63.426300048828125,19377.554444444442,8.659,16,GT,55
1090,2.357800006866455,63.68220138549805,19377.72627314815,8.694,16,GT,41
1091,1.8037999868392944,63.89979934692383,19377.885081018518,8.442,16,GT,35
1092,1.2725000381469727,64.13780212402344,19378.095613425925,7.769,16,GT,27
1093,0.7105000019073486,64.37149810791016,19378.282546296297,6.666,16,GT,20
1094,0.0017000000225380063,64.6697006225586,19378.46390046296,6.82,16,GT,11
1095,5.199699878692627,62.36520004272461,19376.416006944444,7.3180000000000005,17,GT,108
1096,4.948299884796143,62.486000061035156,19376.46545138889,7.703,17,GT,104
1097,4.700200080871582,62.604801177978516,19376.541805555556,7.813,17,GT,101
1098,4.439300060272217,62.72129821777344,19376.5946875,8.77,17,GT,93
1099,4.197000026702881,62.83720016479492,19376.703344907408,8.953,17,GT,89
1100,3.920300006866455,62.95750045776367,19376.779675925925,8.63,17,GT,82
1101,3.680299997329712,63.0802001953125,19376.894652777777,9.073,17,GT,76
1102,3.4007999897003174,63.19329833984375,19377.191574074073,8.364,17,GT,70
1103,3.1247000694274902,63.30820083618164,19377.41828703704,8.262,17,GT,63
1104,2.871299982070923,63.426300048828125,19377.554444444442,8.658,17,GT,55
1105,2.357800006866455,63.68220138549805,19377.72627314815,8.694,17,GT,41
1106,1.8037999868392944,63.89979934692383,19377.885081018518,8.442,17,GT,35
1107,1.2725000381469727,64.13780212402344,19378.095613425925,7.769,17,GT,27
1108,0.7105000019073486,64.37149810791016,19378.282546296297,6.667,17,GT,20
1109,0.0017000000225380063,64.6697006225586,19378.46390046296,6.82,17,GT,11
1110,5.199699878692627,62.36520004272461,19376.416006944444,7.3180000000000005,18,GT,108
1111,4.948299884796143,62.486000061035156,19376.46545138889,7.707,18,GT,104
1112,4.700200080871582,62.604801177978516,19376.541805555556,7.809,18,GT,101
1113,4.439300060272217,62.72129821777344,19376.5946875,8.771,18,GT,93
1114,4.197000026702881,62.83720016479492,19376.703344907408,8.952,18,GT,89
1115,3.920300006866455,62.95750045776367,19376.779675925925,8.63,18,GT,82
1116,3.680299997329712,63.0802001953125,19376.894652777777,9.073,18,GT,76
1117,3.4007999897003174,63.19329833984375,19377.191574074073,8.364,18,GT,70
1118,3.1247000694274902,63.30820083618164,19377.41828703704,8.263,18,GT,63
1119,2.871299982070923,63.426300048828125,19377.554444444442,8.659,18,GT,55
1120,2.357800006866455,63.68220138549805,19377.72627314815,8.694,18,GT,41
1121,1.8037999868392944,63.89979934692383,19377.885081018518,8.442,18,GT,35
1122,1.2725000381469727,64.13780212402344,19378.095613425925,7.769,18,GT,27
1123,0.7105000019073486,64.37149810791016,19378.282546296297,6.667,18,GT,20
1124,0.0017000000225380063,64.6697006225586,19378.46390046296,6.821,18,GT,11
1125,5.199699878692627,62.36520004272461,19376.416006944444,7.316,19,GT,108
1126,4.948299884796143,62.486000061035156,19376.46545138889,7.718,19,GT,104
1127,4.700200080871582,62.604801177978516,19376.541805555556,7.807,19,GT,101
1128,4.439300060272217,62.72129821777344,19376.5946875,8.771,19,GT,93
1129,4.197000026702881,62.83720016479492,19376.703344907408,8.952,19,GT,89
1130,3.920300006866455,62.95750045776367,19376.779675925925,8.63,19,GT,82
1131,3.680299997329712,63.0802001953125,19376.894652777777,9.073,19,GT,76
1132,3.4007999897003174,63.19329833984375,19377.191574074073,8.361,19,GT,70
1133,3.1247000694274902,63.30820083618164,19377.41828703704,8.263,19,GT,63
1134,2.871299982070923,63.426300048828125,19377.554444444442,8.654,19,GT,55
1135,2.357800006866455,63.68220138549805,19377.72627314815,8.696,19,GT,41
1136,1.8037999868392944,63.89979934692383,19377.885081018518,8.441,19,GT,35
1137,1.2725000381469727,64.13780212402344,19378.095613425925,7.7700000000000005,19,GT,27
1138,0.7105000019073486,64.37149810791016,19378.282546296297,6.667,19,GT,20
1139,0.0017000000225380063,64.6697006225586,19378.46390046296,6.82,19,GT,11
1140,5.199699878692627,62.36520004272461,19376.416006944444,7.316,20,GT,108
1141,4.948299884796143,62.486000061035156,19376.46545138889,7.721,20,GT,104
1142,4.700200080871582,62.604801177978516,19376.541805555556,7.801,20,GT,101
1143,4.439300060272217,62.72129821777344,19376.5946875,8.771,20,GT,93
1144,4.197000026702881,62.83720016479492,19376.703344907408,8.952,20,GT,89
1145,3.920300006866455,62.95750045776367,19376.779675925925,8.631,20,GT,82
1146,3.680299997329712,63.0802001953125,19376.894652777777,9.074,20,GT,76
1147,3.4007999897003174,63.19329833984375,19377.191574074073,8.359,20,GT,70
1148,3.1247000694274902,63.30820083618164,19377.41828703704,8.262,20,GT,63
1149,2.871299982070923,63.426300048828125,19377.554444444442,8.654,20,GT,55
1150,2.357800006866455,63.68220138549805,19377.72627314815,8.696,20,GT,41
1151,1.8037999868392944,63.89979934692383,19377.885081018518,8.446,20,GT,35
1152,1.2725000381469727,64.13780212402344,19378.095613425925,7.771,20,GT,27
1153,0.7105000019073486,64.37149810791016,19378.282546296297,6.666,20,GT,20
1154,0.0017000000225380063,64.6697006225586,19378.46390046296,6.821,20,GT,11
1155,5.199699878692627,62.36520004272461,19376.416006944444,7.338,21,GT,108
1156,4.948299884796143,62.486000061035156,19376.46545138889,7.721,21,GT,104
1157,4.700200080871582,62.604801177978516,19376.541805555556,7.797000000000001,21,GT,101
1158,4.439300060272217,62.72129821777344,19376.5946875,8.771,21,GT,93
1159,4.197000026702881,62.83720016479492,19376.703344907408,8.951,21,GT,89
1160,3.920300006866455,62.95750045776367,19376.779675925925,8.63,21,GT,82
1161,3.680299997329712,63.0802001953125,19376.894652777777,9.074,21,GT,76
1162,3.4007999897003174,63.19329833984375,19377.191574074073,8.357,21,GT,70
1163,3.1247000694274902,63.30820083618164,19377.41828703704,8.263,21,GT,63
1164,2.871299982070923,63.426300048828125,19377.554444444442,8.655,21,GT,55
1165,2.357800006866455,63.68220138549805,19377.72627314815,8.696,21,GT,41
1166,1.8037999868392944,63.89979934692383,19377.885081018518,8.448,21,GT,35
1167,1.2725000381469727,64.13780212402344,19378.095613425925,7.771,21,GT,27
1168,0.7105000019073486,64.37149810791016,19378.282546296297,6.668,21,GT,20
1169,0.0017000000225380063,64.6697006225586,19378.46390046296,6.823,21,GT,11
1170,5.199699878692627,62.36520004272461,19376.416006944444,7.336,22,GT,108
1171,4.948299884796143,62.486000061035156,19376.46545138889,7.721,22,GT,104
1172,4.700200080871582,62.604801177978516,19376.541805555556,7.795,22,GT,101
1173,4.439300060272217,62.72129821777344,19376.5946875,8.771,22,GT,93
1174,4.197000026702881,62.83720016479492,19376.703344907408,8.951,22,GT,89
1175,3.920300006866455,62.95750045776367,19376.779675925925,8.63,22,GT,82
1176,3.680299997329712,63.0802001953125,19376.894652777777,9.074,22,GT,76
1177,3.4007999897003174,63.19329833984375,19377.191574074073,8.354000000000001,22,GT,70
1178,3.1247000694274902,63.30820083618164,19377.41828703704,8.266,22,GT,63
1179,2.871299982070923,63.426300048828125,19377.554444444442,8.65,22,GT,55
1180,2.357800006866455,63.68220138549805,19377.72627314815,8.696,22,GT,41
1181,1.8037999868392944,63.89979934692383,19377.885081018518,8.449,22,GT,35
1182,1.2725000381469727,64.13780212402344,19378.095613425925,7.7700000000000005,22,GT,27
1183,0.7105000019073486,64.37149810791016,19378.282546296297,6.668,22,GT,20
1184,0.0017000000225380063,64.6697006225586,19378.46390046296,6.822,22,GT,11
1185,5.199699878692627,62.36520004272461,19376.416006944444,7.346,23,GT,108
1186,4.948299884796143,62.486000061035156,19376.46545138889,7.719,23,GT,104
1187,4.700200080871582,62.604801177978516,19376.541805555556,7.796,23,GT,101
1188,4.439300060272217,62.72129821777344,19376.5946875,8.771,23,GT,93
1189,4.197000026702881,62.83720016479492,19376.703344907408,8.947000000000001,23,GT,89
1190,3.920300006866455,62.95750045776367,19376.779675925925,8.63,23,GT,82
1191,3.680299997329712,63.0802001953125,19376.894652777777,9.074,23,GT,76
1192,3.4007999897003174,63.19329833984375,19377.191574074073,8.355,23,GT,70
1193,3.1247000694274902,63.30820083618164,19377.41828703704,8.266,23,GT,63
1194,2.871299982070923,63.426300048828125,19377.554444444442,8.649000000000001,23,GT,55
1195,2.357800006866455,63.68220138549805,19377.72627314815,8.696,23,GT,41
1196,1.8037999868392944,63.89979934692383,19377.885081018518,8.45,23,GT,35
1197,1.2725000381469727,64.13780212402344,19378.095613425925,7.769,23,GT,27
1198,0.7105000019073486,64.37149810791016,19378.282546296297,6.67,23,GT,20
1199,0.0017000000225380063,64.6697006225586,19378.46390046296,6.822,23,GT,11
1200,5.199699878692627,62.36520004272461,19376.416006944444,7.343,24,GT,108
1201,4.948299884796143,62.486000061035156,19376.46545138889,7.716,24,GT,104
1202,4.700200080871582,62.604801177978516,19376.541805555556,7.799,24,GT,101
1203,4.439300060272217,62.72129821777344,19376.5946875,8.771,24,GT,93
1204,4.197000026702881,62.83720016479492,19376.703344907408,8.947000000000001,24,GT,89
1205,3.920300006866455,62.95750045776367,19376.779675925925,8.631,24,GT,82
1206,3.680299997329712,63.0802001953125,19376.894652777777,9.074,24,GT,76
1207,3.4007999897003174,63.19329833984375,19377.191574074073,8.356,24,GT,70
1208,3.1247000694274902,63.30820083618164,19377.41828703704,8.266,24,GT,63
1209,2.871299982070923,63.426300048828125,19377.554444444442,8.652000000000001,24,GT,55
1210,2.357800006866455,63.68220138549805,19377.72627314815,8.696,24,GT,41
1211,1.8037999868392944,63.89979934692383,19377.885081018518,8.449,24,GT,35
1212,1.2725000381469727,64.13780212402344,19378.095613425925,7.7700000000000005,24,GT,27
1213,0.7105000019073486,64.37149810791016,19378.282546296297,6.67,24,GT,20
1214,0.0017000000225380063,64.6697006225586,19378.46390046296,6.822,24,GT,11
