rank,Longitude,Latitude,Time,Temperature,Conductivity,Salinity,Depth,Vaissel_name,Profil_id
0,5.199699878692627,62.36520004272461,19376.416006944444,7.307,35.034,34.409,16,GT,15
1,4.948299884796143,62.486000061035156,19376.46545138889,7.6690000000000005,35.559,34.619,16,GT,14
2,4.700200080871582,62.604801177978516,19376.541805555556,7.816,35.742,34.67,16,GT,13
3,4.439300060272217,62.72129821777344,19376.5946875,8.769,37.145,35.221000000000004,16,GT,12
4,4.197000026702881,62.83720016479492,19376.703344907408,8.951,37.337,35.242,16,GT,11
5,3.920300006866455,62.95750045776367,19376.779675925925,8.63,37.056,35.265,16,GT,10
6,3.680299997329712,63.0802001953125,19376.894652777777,9.073,37.529,35.321,16,GT,9
7,3.4007999897003174,63.19329833984375,19377.191574074073,8.364,36.768,35.224000000000004,16,GT,8
8,3.1247000694274902,63.30820083618164,19377.41828703704,8.262,36.664,35.216,16,GT,7
9,2.871299982070923,63.426300048828125,19377.554444444442,8.659,37.046,35.225,16,GT,6
10,2.357800006866455,63.68220138549805,19377.72627314815,8.694,37.1,35.248,16,GT,5
11,1.8037999868392944,63.89979934692383,19377.885081018518,8.442,36.886,35.272,16,GT,4
12,1.2725000381469727,64.13780212402344,19378.095613425925,7.769,36.207,35.219,16,GT,3
13,0.7105000019073486,64.37149810791016,19378.282546296297,6.666,35.094,35.121,16,GT,2
14,0.0017000000225380063,64.6697006225586,19378.46390046296,6.82,35.246,35.133,16,GT,1
15,16.55780029296875,71.48570251464844,19419.788472222222,6.75,35.163000000000004,35.113,16,GT,97
16,16.913999557495117,71.51480102539062,19420.019710648146,6.418,34.711,34.95,16,GT,103
17,17.082199096679688,70.99929809570312,19420.203819444443,6.649,34.973,35.006,16,GT,104
18,17.725299835205078,69.69580078125,19439.23996527778,4.751,32.544000000000004,34.191,16,GT,108
19,17.437299728393555,69.78970336914062,19439.306979166668,4.941,32.787,34.277,16,GT,107
20,17.097999572753906,69.9031982421875,19439.388506944444,5.187,33.079,34.362,16,GT,105
21,16.80299949645996,70.00250244140625,19439.486747685183,6.714,34.956,34.92,16,GT,100
22,16.58530044555664,69.85179901123047,19439.573935185184,6.38,34.528,34.784,16,GT,99
23,16.90920066833496,69.72920227050781,19439.690555555553,5.954,33.985,34.608000000000004,16,GT,102
24,17.148799896240234,69.63600158691406,19439.73730324074,5.825,33.839,34.577,16,GT,106
25,16.877500534057617,69.51180267333984,19439.80318287037,4.566,32.335,34.138,16,GT,101
26,16.559200286865234,69.61920166015625,19439.871446759258,5.686,33.644,34.496,16,GT,98
27,16.2637996673584,69.7229995727539,19439.937337962965,6.501,34.681,34.831,16,GT,95
28,16.202499389648438,69.63629913330078,19440.0962962963,6.921,35.201,34.980000000000004,16,GT,94
29,15.883000373840332,69.63619995117188,19440.17855324074,6.843,35.288000000000004,35.157000000000004,16,GT,90
30,16.147300720214844,69.53050231933594,19440.333090277778,6.236,34.303,34.678,16,GT,93
31,16.387699127197266,69.4469985961914,19440.42486111111,5.489,33.376,34.392,16,GT,96
32,16.114299774169922,69.41020202636719,19440.486539351852,5.33,33.174,34.323,16,GT,92
33,15.969799995422363,69.35530090332031,19440.54326388889,4.985,32.751,34.19,16,GT,91
34,15.515000343322754,69.38300323486328,19440.648657407408,6.1690000000000005,34.215,34.648,16,GT,88
35,15.15530014038086,69.38369750976562,19440.7115625,7.28,35.708,35.172000000000004,16,GT,85
36,15.396499633789062,69.29000091552734,19440.82591435185,5.91,33.912,34.571,16,GT,86
37,15.613200187683105,69.20379638671875,19440.87491898148,4.949,32.703,34.172000000000004,16,GT,89
38,15.40470027923584,69.06900024414062,19441.035069444446,3.743,31.067,33.488,16,GT,87
39,15.129199981689453,69.16699981689453,19441.085451388888,5.41,33.27,34.352000000000004,16,GT,84
40,14.893199920654297,69.25980377197266,19441.13236111111,6.767,34.962,34.873,16,GT,81
41,14.576000213623047,69.24980163574219,19441.18974537037,7.086,35.413000000000004,35.048,16,GT,68
42,14.472299575805664,69.14920043945312,19441.305856481482,6.7490000000000006,34.947,34.876,16,GT,62
43,14.706000328063965,69.07720184326172,19441.385439814814,6.2620000000000005,34.323,34.675000000000004,16,GT,72
44,14.92549991607666,69.0009994506836,19441.43359953704,4.578,32.232,34.005,16,GT,82
45,14.63029956817627,68.89769744873047,19441.498831018518,4.5680000000000005,32.21,33.99,16,GT,69
46,14.019499778747559,69.08370208740234,19441.65457175926,7.322,35.732,35.158,16,GT,53
47,13.916799545288086,69.02320098876953,19441.71292824074,7.197,35.564,35.099000000000004,16,GT,49
48,13.602499961853027,68.99330139160156,19441.77960648148,7.2540000000000004,35.628,35.112,16,GT,42
49,13.943300247192383,68.86930084228516,19441.85179398148,6.279,34.331,34.666000000000004,16,GT,50
50,14.264300346374512,68.75900268554688,19441.911770833332,4.929,32.63,34.108000000000004,16,GT,58
51,14.222200393676758,68.54879760742188,19442.02099537037,4.964,32.625,34.066,16,GT,57
52,14.755499839782715,68.64250183105469,19442.386296296296,3.59,30.756,33.273,16,GT,75
53,15.09179973602295,68.72149658203125,19442.445405092592,3.204,29.588,32.261,16,GT,83
54,13.729999542236328,68.71080017089844,19442.71185185185,6.066,34.051,34.569,16,GT,44
55,13.318499565124512,68.85279846191406,19442.819826388888,6.9190000000000005,35.136,34.911,16,GT,36
56,13.18220043182373,68.80419921875,19442.883553240743,6.982,35.242,34.964,16,GT,31
57,12.839300155639648,68.80570220947266,19443.038229166665,7.2540000000000004,35.629,35.114,16,GT,23
58,13.204000473022461,68.68099975585938,19443.101041666665,6.617,34.734,34.772,16,GT,33
59,13.563199996948242,68.55719757080078,19443.1587962963,5.696,33.584,34.418,16,GT,40
60,13.996800422668457,68.41570281982422,19443.223877314816,5.357,33.146,34.264,16,GT,51
61,13.772500038146973,68.37770080566406,19443.27571759259,4.968,32.59,34.022,16,GT,46
62,13.525199890136719,68.33280181884766,19443.33792824074,5.206,32.909,34.146,16,GT,39
63,13.18970012664795,68.447998046875,19443.461469907408,5.51,33.325,34.312,16,GT,32
64,12.882699966430664,68.5593032836914,19443.54034722222,6.619,34.72,34.754,16,GT,24
65,12.5201997756958,68.69329833984375,19443.695092592592,7.1370000000000005,35.464,35.052,16,GT,19
66,12.43019962310791,68.6082992553711,19443.754699074074,7.073,35.331,34.971000000000004,16,GT,17
67,12.095199584960938,68.60769653320312,19443.82943287037,7.264,35.651,35.127,16,GT,16
68,12.453700065612793,68.4708023071289,19443.889837962965,6.078,34.074,34.582,16,GT,18
69,12.764800071716309,68.3655014038086,19443.938738425928,6.5040000000000004,34.594,34.733000000000004,16,GT,21
70,13.145299911499023,68.23580169677734,19443.999988425927,5.345,33.097,34.219,16,GT,30
71,14.8927001953125,67.96269989013672,19445.053969907407,3.6830000000000003,30.736,33.153,16,GT,80
72,14.88129997253418,67.96980285644531,19445.065578703703,3.486,30.584,33.173,16,GT,79
73,14.878000259399414,67.97920227050781,19445.079293981482,3.446,30.548000000000002,33.17,16,GT,78
74,14.851300239562988,67.98999786376953,19445.095752314814,3.45,30.560000000000002,33.18,16,GT,77
75,14.777000427246094,68.03179931640625,19445.126319444444,3.4290000000000003,30.562,33.205,16,GT,76
76,14.705699920654297,68.0707015991211,19445.156666666666,3.396,30.431,33.082,16,GT,71
77,14.631500244140625,68.11329650878906,19445.186979166665,3.419,30.498,33.139,16,GT,70
78,14.552200317382812,68.15869903564453,19445.214421296296,3.438,30.472,33.088,16,GT,67
79,14.524800300598145,68.17050170898438,19445.236041666667,3.42,30.452,33.083,16,GT,66
80,14.499799728393555,68.18319702148438,19445.25619212963,3.476,30.534,33.124,16,GT,65
81,14.4822998046875,68.19100189208984,19445.27259259259,3.36,30.387,33.067,16,GT,64
82,14.480299949645996,68.19750213623047,19445.28753472222,3.243,30.107,32.847,16,GT,63
83,14.706999778747559,68.27799987792969,19445.416747685184,3.1950000000000003,30.223,33.036,16,GT,73
84,14.708999633789062,68.23600006103516,19445.44824074074,3.4290000000000003,30.449,33.07,16,GT,74
85,14.350000381469727,68.14199829101562,19445.583425925925,3.507,30.637,33.216,16,GT,60
86,14.461000442504883,68.09449768066406,19445.609803240743,3.44,30.536,33.163000000000004,16,GT,61
87,14.264699935913086,68.05400085449219,19445.647858796296,3.5420000000000003,30.737000000000002,33.298,16,GT,59
88,14.048800468444824,68.14099884033203,19445.69234953704,3.628,30.853,33.35,16,GT,54
89,14.087800025939941,68.14179992675781,19445.75084490741,3.782,31.042,33.419000000000004,16,GT,55
90,14.007499694824219,68.12850189208984,19445.84650462963,3.557,30.742,33.291000000000004,16,GT,52
91,13.882699966430664,68.08529663085938,19445.883240740743,3.497,30.650000000000002,33.242,16,GT,48
92,14.094200134277344,67.9937973022461,19446.01625,3.572,30.761,33.297000000000004,16,GT,56
93,13.882699966430664,67.93800354003906,19446.06613425926,3.8080000000000003,31.059,33.412,16,GT,47
94,13.673500061035156,68.03450012207031,19446.199861111112,3.644,30.874000000000002,33.359,16,GT,43
95,13.447799682617188,68.01180267333984,19446.302581018517,3.874,31.16,33.464,16,GT,38
96,13.763299942016602,67.88800048828125,19446.365335648148,3.674,30.889,33.346000000000004,16,GT,45
97,13.593500137329102,67.84320068359375,19446.399837962963,4.434,31.912,33.778,16,GT,41
98,13.249300003051758,67.97429656982422,19446.46584490741,4.08,31.463,33.613,16,GT,34
99,13.131500244140625,67.89779663085938,19446.569479166665,3.818,31.133,33.489,16,GT,29
100,13.363800048828125,67.7927017211914,19446.625787037035,4.534,32.012,33.794000000000004,16,GT,37
101,13.273200035095215,67.72750091552734,19446.668055555554,4.276,31.725,33.72,16,GT,35
102,12.991299629211426,67.83570098876953,19446.724988425925,3.7760000000000002,31.093,33.486000000000004,16,GT,27
103,12.915499687194824,67.72270202636719,19446.806539351852,3.805,31.13,33.5,16,GT,25
104,13.102999687194824,67.66580200195312,19446.848530092593,4.0920000000000005,31.479,33.619,16,GT,28
105,12.924300193786621,67.59950256347656,19446.89511574074,4.058,31.45,33.62,16,GT,26
106,12.805800437927246,67.65769958496094,19446.92954861111,4.152,31.57,33.664,16,GT,22
107,12.646499633789062,67.59750366210938,19446.96445601852,4.0440000000000005,31.442,33.625,16,GT,20
108,5.199699878692627,62.36520004272461,19376.416006944444,7.3180000000000005,35.048,34.413000000000004,17,GT,15
109,4.948299884796143,62.486000061035156,19376.46545138889,7.703,35.599000000000004,34.628,17,GT,14
110,4.700200080871582,62.604801177978516,19376.541805555556,7.813,35.74,34.67,17,GT,13
111,4.439300060272217,62.72129821777344,19376.5946875,8.77,37.147,35.221000000000004,17,GT,12
112,4.197000026702881,62.83720016479492,19376.703344907408,8.953,37.339,35.242,17,GT,11
113,3.920300006866455,62.95750045776367,19376.779675925925,8.63,37.057,35.265,17,GT,10
114,3.680299997329712,63.0802001953125,19376.894652777777,9.073,37.529,35.322,17,GT,9
115,3.4007999897003174,63.19329833984375,19377.191574074073,8.364,36.769,35.224000000000004,17,GT,8
116,3.1247000694274902,63.30820083618164,19377.41828703704,8.262,36.665,35.216,17,GT,7
117,2.871299982070923,63.426300048828125,19377.554444444442,8.658,37.046,35.225,17,GT,6
118,2.357800006866455,63.68220138549805,19377.72627314815,8.694,37.101,35.248,17,GT,5
119,1.8037999868392944,63.89979934692383,19377.885081018518,8.442,36.886,35.272,17,GT,4
120,1.2725000381469727,64.13780212402344,19378.095613425925,7.769,36.207,35.22,17,GT,3
121,0.7105000019073486,64.37149810791016,19378.282546296297,6.667,35.095,35.122,17,GT,2
122,0.0017000000225380063,64.6697006225586,19378.46390046296,6.82,35.247,35.134,17,GT,1
123,16.55780029296875,71.48570251464844,19419.788472222222,6.763,35.178,35.116,17,GT,97
124,16.913999557495117,71.51480102539062,19420.019710648146,6.418,34.712,34.95,17,GT,103
125,17.082199096679688,70.99929809570312,19420.203819444443,6.655,34.980000000000004,35.008,17,GT,104
126,17.725299835205078,69.69580078125,19439.23996527778,4.752,32.545,34.191,17,GT,108
127,17.437299728393555,69.78970336914062,19439.306979166668,4.942,32.788000000000004,34.277,17,GT,107
128,17.097999572753906,69.9031982421875,19439.388506944444,5.187,33.079,34.362,17,GT,105
129,16.80299949645996,70.00250244140625,19439.486747685183,6.704,34.944,34.917,17,GT,100
130,16.58530044555664,69.85179901123047,19439.573935185184,6.38,34.528,34.784,17,GT,99
131,16.90920066833496,69.72920227050781,19439.690555555553,5.952,33.984,34.608000000000004,17,GT,102
132,17.148799896240234,69.63600158691406,19439.73730324074,5.828,33.843,34.578,17,GT,106
133,16.877500534057617,69.51180267333984,19439.80318287037,4.564,32.333,34.137,17,GT,101
134,16.559200286865234,69.61920166015625,19439.871446759258,5.69,33.648,34.497,17,GT,98
135,16.2637996673584,69.7229995727539,19439.937337962965,6.501,34.681,34.83,17,GT,95
136,16.202499389648438,69.63629913330078,19440.0962962963,6.933,35.218,34.987,17,GT,94
137,15.883000373840332,69.63619995117188,19440.17855324074,6.8420000000000005,35.287,35.156,17,GT,90
138,16.147300720214844,69.53050231933594,19440.333090277778,6.237,34.304,34.678,17,GT,93
139,16.387699127197266,69.4469985961914,19440.42486111111,5.489,33.377,34.392,17,GT,96
140,16.114299774169922,69.41020202636719,19440.486539351852,5.33,33.176,34.324,17,GT,92
141,15.969799995422363,69.35530090332031,19440.54326388889,4.988,32.754,34.19,17,GT,91
142,15.515000343322754,69.38300323486328,19440.648657407408,6.172,34.219,34.649,17,GT,88
143,15.15530014038086,69.38369750976562,19440.7115625,7.281000000000001,35.709,35.172000000000004,17,GT,85
144,15.396499633789062,69.29000091552734,19440.82591435185,5.909,33.912,34.571,17,GT,86
145,15.613200187683105,69.20379638671875,19440.87491898148,4.95,32.705,34.172000000000004,17,GT,89
146,15.40470027923584,69.06900024414062,19441.035069444446,3.73,31.048000000000002,33.477000000000004,17,GT,87
147,15.129199981689453,69.16699981689453,19441.085451388888,5.4110000000000005,33.272,34.352000000000004,17,GT,84
148,14.893199920654297,69.25980377197266,19441.13236111111,6.78,34.977000000000004,34.876,17,GT,81
149,14.576000213623047,69.24980163574219,19441.18974537037,7.085,35.412,35.047000000000004,17,GT,68
150,14.472299575805664,69.14920043945312,19441.305856481482,6.75,34.95,34.876,17,GT,62
151,14.706000328063965,69.07720184326172,19441.385439814814,6.266,34.327,34.675000000000004,17,GT,72
152,14.92549991607666,69.0009994506836,19441.43359953704,4.5760000000000005,32.230000000000004,34.005,17,GT,82
153,14.63029956817627,68.89769744873047,19441.498831018518,4.57,32.214,33.992,17,GT,69
154,14.019499778747559,69.08370208740234,19441.65457175926,7.322,35.733000000000004,35.158,17,GT,53
155,13.916799545288086,69.02320098876953,19441.71292824074,7.197,35.564,35.099000000000004,17,GT,49
156,13.602499961853027,68.99330139160156,19441.77960648148,7.2540000000000004,35.629,35.112,17,GT,42
157,13.943300247192383,68.86930084228516,19441.85179398148,6.276,34.328,34.664,17,GT,50
158,14.264300346374512,68.75900268554688,19441.911770833332,4.929,32.63,34.108000000000004,17,GT,58
159,14.222200393676758,68.54879760742188,19442.02099537037,4.964,32.626,34.066,17,GT,57
160,14.755499839782715,68.64250183105469,19442.386296296296,3.621,30.815,33.311,17,GT,75
161,15.09179973602295,68.72149658203125,19442.445405092592,3.225,29.726,32.405,17,GT,83
162,13.729999542236328,68.71080017089844,19442.71185185185,6.067,34.053,34.569,17,GT,44
163,13.318499565124512,68.85279846191406,19442.819826388888,6.9190000000000005,35.136,34.911,17,GT,36
164,13.18220043182373,68.80419921875,19442.883553240743,6.981,35.241,34.964,17,GT,31
165,12.839300155639648,68.80570220947266,19443.038229166665,7.253,35.628,35.113,17,GT,23
166,13.204000473022461,68.68099975585938,19443.101041666665,6.619,34.737,34.773,17,GT,33
167,13.563199996948242,68.55719757080078,19443.1587962963,5.713,33.606,34.425000000000004,17,GT,40
168,13.996800422668457,68.41570281982422,19443.223877314816,5.357,33.147,34.265,17,GT,51
169,13.772500038146973,68.37770080566406,19443.27571759259,4.968,32.59,34.021,17,GT,46
170,13.525199890136719,68.33280181884766,19443.33792824074,5.206,32.910000000000004,34.146,17,GT,39
171,13.18970012664795,68.447998046875,19443.461469907408,5.51,33.325,34.312,17,GT,32
172,12.882699966430664,68.5593032836914,19443.54034722222,6.619,34.721000000000004,34.754,17,GT,24
173,12.5201997756958,68.69329833984375,19443.695092592592,7.138,35.466,35.052,17,GT,19
174,12.43019962310791,68.6082992553711,19443.754699074074,7.073,35.332,34.971000000000004,17,GT,17
175,12.095199584960938,68.60769653320312,19443.82943287037,7.265000000000001,35.653,35.127,17,GT,16
176,12.453700065612793,68.4708023071289,19443.889837962965,6.078,34.074,34.582,17,GT,18
177,12.764800071716309,68.3655014038086,19443.938738425928,6.505,34.596000000000004,34.733000000000004,17,GT,21
178,13.145299911499023,68.23580169677734,19443.999988425927,5.346,33.098,34.219,17,GT,30
179,14.8927001953125,67.96269989013672,19445.053969907407,3.661,30.723,33.160000000000004,17,GT,80
180,14.88129997253418,67.96980285644531,19445.065578703703,3.492,30.588,33.171,17,GT,79
181,14.878000259399414,67.97920227050781,19445.079293981482,3.451,30.552,33.17,17,GT,78
182,14.851300239562988,67.98999786376953,19445.095752314814,3.461,30.572,33.183,17,GT,77
183,14.777000427246094,68.03179931640625,19445.126319444444,3.4330000000000003,30.567,33.206,17,GT,76
184,14.705699920654297,68.0707015991211,19445.156666666666,3.3970000000000002,30.433,33.082,17,GT,71
185,14.631500244140625,68.11329650878906,19445.186979166665,3.4210000000000003,30.5,33.139,17,GT,70
186,14.552200317382812,68.15869903564453,19445.214421296296,3.4370000000000003,30.476,33.093,17,GT,67
187,14.524800300598145,68.17050170898438,19445.236041666667,3.43,30.464000000000002,33.087,17,GT,66
188,14.499799728393555,68.18319702148438,19445.25619212963,3.478,30.537,33.125,17,GT,65
189,14.4822998046875,68.19100189208984,19445.27259259259,3.362,30.392,33.069,17,GT,64
190,14.480299949645996,68.19750213623047,19445.28753472222,3.2720000000000002,30.195,32.923,17,GT,63
191,14.706999778747559,68.27799987792969,19445.416747685184,3.2600000000000002,30.312,33.077,17,GT,73
192,14.708999633789062,68.23600006103516,19445.44824074074,3.552,30.622,33.152,17,GT,74
193,14.350000381469727,68.14199829101562,19445.583425925925,3.5100000000000002,30.641000000000002,33.218,17,GT,60
194,14.461000442504883,68.09449768066406,19445.609803240743,3.48,30.593,33.19,17,GT,61
195,14.264699935913086,68.05400085449219,19445.647858796296,3.545,30.742,33.3,17,GT,59
196,14.048800468444824,68.14099884033203,19445.69234953704,3.644,30.874000000000002,33.358000000000004,17,GT,54
197,14.087800025939941,68.14179992675781,19445.75084490741,3.781,31.042,33.419000000000004,17,GT,55
198,14.007499694824219,68.12850189208984,19445.84650462963,3.5580000000000003,30.744,33.291000000000004,17,GT,52
199,13.882699966430664,68.08529663085938,19445.883240740743,3.498,30.651,33.242,17,GT,48
200,14.094200134277344,67.9937973022461,19446.01625,3.576,30.768,33.301,17,GT,56
201,13.882699966430664,67.93800354003906,19446.06613425926,3.825,31.082,33.421,17,GT,47
202,13.673500061035156,68.03450012207031,19446.199861111112,3.713,30.969,33.4,17,GT,43
203,13.447799682617188,68.01180267333984,19446.302581018517,3.904,31.204,33.485,17,GT,38
204,13.763299942016602,67.88800048828125,19446.365335648148,3.872,31.13,33.43,17,GT,45
205,13.593500137329102,67.84320068359375,19446.399837962963,4.442,31.923000000000002,33.783,17,GT,41
206,13.249300003051758,67.97429656982422,19446.46584490741,4.127,31.519000000000002,33.63,17,GT,34
207,13.131500244140625,67.89779663085938,19446.569479166665,3.8160000000000003,31.132,33.49,17,GT,29
208,13.363800048828125,67.7927017211914,19446.625787037035,4.501,31.984,33.794000000000004,17,GT,37
209,13.273200035095215,67.72750091552734,19446.668055555554,4.2780000000000005,31.729,33.722,17,GT,35
210,12.991299629211426,67.83570098876953,19446.724988425925,3.777,31.095000000000002,33.486000000000004,17,GT,27
211,12.915499687194824,67.72270202636719,19446.806539351852,3.807,31.133,33.5,17,GT,25
212,13.102999687194824,67.66580200195312,19446.848530092593,4.099,31.487000000000002,33.621,17,GT,28
213,12.924300193786621,67.59950256347656,19446.89511574074,4.058,31.452,33.62,17,GT,26
214,12.805800437927246,67.65769958496094,19446.92954861111,4.219,31.654,33.695,17,GT,22
215,12.646499633789062,67.59750366210938,19446.96445601852,4.187,31.618000000000002,33.685,17,GT,20
216,5.199699878692627,62.36520004272461,19376.416006944444,7.3180000000000005,35.048,34.413000000000004,18,GT,15
217,4.948299884796143,62.486000061035156,19376.46545138889,7.707,35.605000000000004,34.63,18,GT,14
218,4.700200080871582,62.604801177978516,19376.541805555556,7.809,35.735,34.669000000000004,18,GT,13
219,4.439300060272217,62.72129821777344,19376.5946875,8.771,37.148,35.221000000000004,18,GT,12
220,4.197000026702881,62.83720016479492,19376.703344907408,8.952,37.339,35.242,18,GT,11
221,3.920300006866455,62.95750045776367,19376.779675925925,8.63,37.057,35.265,18,GT,10
222,3.680299997329712,63.0802001953125,19376.894652777777,9.073,37.53,35.322,18,GT,9
223,3.4007999897003174,63.19329833984375,19377.191574074073,8.364,36.768,35.224000000000004,18,GT,8
224,3.1247000694274902,63.30820083618164,19377.41828703704,8.263,36.666000000000004,35.216,18,GT,7
225,2.871299982070923,63.426300048828125,19377.554444444442,8.659,37.048,35.225,18,GT,6
226,2.357800006866455,63.68220138549805,19377.72627314815,8.694,37.102000000000004,35.248,18,GT,5
227,1.8037999868392944,63.89979934692383,19377.885081018518,8.442,36.887,35.272,18,GT,4
228,1.2725000381469727,64.13780212402344,19378.095613425925,7.769,36.208,35.22,18,GT,3
229,0.7105000019073486,64.37149810791016,19378.282546296297,6.667,35.096000000000004,35.121,18,GT,2
230,0.0017000000225380063,64.6697006225586,19378.46390046296,6.821,35.248,35.134,18,GT,1
231,16.55780029296875,71.48570251464844,19419.788472222222,6.767,35.183,35.117,18,GT,97
232,16.913999557495117,71.51480102539062,19420.019710648146,6.42,34.714,34.95,18,GT,103
233,17.082199096679688,70.99929809570312,19420.203819444443,6.656000000000001,34.983000000000004,35.009,18,GT,104
234,17.725299835205078,69.69580078125,19439.23996527778,4.751,32.544000000000004,34.191,18,GT,108
235,17.437299728393555,69.78970336914062,19439.306979166668,4.946,32.792,34.278,18,GT,107
236,17.097999572753906,69.9031982421875,19439.388506944444,5.187,33.08,34.362,18,GT,105
237,16.80299949645996,70.00250244140625,19439.486747685183,6.699,34.94,34.916000000000004,18,GT,100
238,16.58530044555664,69.85179901123047,19439.573935185184,6.384,34.533,34.785000000000004,18,GT,99
239,16.90920066833496,69.72920227050781,19439.690555555553,5.953,33.985,34.608000000000004,18,GT,102
240,17.148799896240234,69.63600158691406,19439.73730324074,5.829,33.846000000000004,34.579,18,GT,106
241,16.877500534057617,69.51180267333984,19439.80318287037,4.563,32.332,34.137,18,GT,101
242,16.559200286865234,69.61920166015625,19439.871446759258,5.694,33.655,34.499,18,GT,98
243,16.2637996673584,69.7229995727539,19439.937337962965,6.502,34.682,34.831,18,GT,95
244,16.202499389648438,69.63629913330078,19440.0962962963,6.93,35.215,34.986000000000004,18,GT,94
245,15.883000373840332,69.63619995117188,19440.17855324074,6.844,35.289,35.156,18,GT,90
246,16.147300720214844,69.53050231933594,19440.333090277778,6.239,34.307,34.679,18,GT,93
247,16.387699127197266,69.4469985961914,19440.42486111111,5.489,33.378,34.392,18,GT,96
248,16.114299774169922,69.41020202636719,19440.486539351852,5.33,33.175,34.323,18,GT,92
249,15.969799995422363,69.35530090332031,19440.54326388889,4.987,32.753,34.19,18,GT,91
250,15.515000343322754,69.38300323486328,19440.648657407408,6.173,34.22,34.649,18,GT,88
251,15.15530014038086,69.38369750976562,19440.7115625,7.281000000000001,35.709,35.172000000000004,18,GT,85
252,15.396499633789062,69.29000091552734,19440.82591435185,5.91,33.913000000000004,34.571,18,GT,86
253,15.613200187683105,69.20379638671875,19440.87491898148,4.95,32.704,34.172000000000004,18,GT,89
254,15.40470027923584,69.06900024414062,19441.035069444446,3.839,31.219,33.569,18,GT,87
255,15.129199981689453,69.16699981689453,19441.085451388888,5.41,33.271,34.352000000000004,18,GT,84
256,14.893199920654297,69.25980377197266,19441.13236111111,6.7860000000000005,34.983000000000004,34.876,18,GT,81
257,14.576000213623047,69.24980163574219,19441.18974537037,7.083,35.411,35.047000000000004,18,GT,68
258,14.472299575805664,69.14920043945312,19441.305856481482,6.75,34.949,34.876,18,GT,62
259,14.706000328063965,69.07720184326172,19441.385439814814,6.268,34.329,34.675000000000004,18,GT,72
260,14.92549991607666,69.0009994506836,19441.43359953704,4.578,32.232,34.006,18,GT,82
261,14.63029956817627,68.89769744873047,19441.498831018518,4.571,32.215,33.993,18,GT,69
262,14.019499778747559,69.08370208740234,19441.65457175926,7.323,35.734,35.158,18,GT,53
263,13.916799545288086,69.02320098876953,19441.71292824074,7.198,35.565,35.099000000000004,18,GT,49
264,13.602499961853027,68.99330139160156,19441.77960648148,7.2540000000000004,35.63,35.112,18,GT,42
265,13.943300247192383,68.86930084228516,19441.85179398148,6.281,34.335,34.666000000000004,18,GT,50
266,14.264300346374512,68.75900268554688,19441.911770833332,4.928,32.631,34.109,18,GT,58
267,14.222200393676758,68.54879760742188,19442.02099537037,4.965,32.628,34.067,18,GT,57
268,14.755499839782715,68.64250183105469,19442.386296296296,3.6510000000000002,30.867,33.342,18,GT,75
269,15.09179973602295,68.72149658203125,19442.445405092592,3.215,29.791,32.494,18,GT,83
270,13.729999542236328,68.71080017089844,19442.71185185185,6.0680000000000005,34.055,34.57,18,GT,44
271,13.318499565124512,68.85279846191406,19442.819826388888,6.9190000000000005,35.137,34.912,18,GT,36
272,13.18220043182373,68.80419921875,19442.883553240743,6.98,35.241,34.964,18,GT,31
273,12.839300155639648,68.80570220947266,19443.038229166665,7.258,35.635,35.115,18,GT,23
274,13.204000473022461,68.68099975585938,19443.101041666665,6.619,34.737,34.773,18,GT,33
275,13.563199996948242,68.55719757080078,19443.1587962963,5.716,33.609,34.425000000000004,18,GT,40
276,13.996800422668457,68.41570281982422,19443.223877314816,5.357,33.148,34.265,18,GT,51
277,13.772500038146973,68.37770080566406,19443.27571759259,4.968,32.592,34.022,18,GT,46
278,13.525199890136719,68.33280181884766,19443.33792824074,5.206,32.910000000000004,34.146,18,GT,39
279,13.18970012664795,68.447998046875,19443.461469907408,5.51,33.326,34.312,18,GT,32
280,12.882699966430664,68.5593032836914,19443.54034722222,6.62,34.722,34.754,18,GT,24
281,12.5201997756958,68.69329833984375,19443.695092592592,7.135,35.462,35.051,18,GT,19
282,12.43019962310791,68.6082992553711,19443.754699074074,7.069,35.328,34.971000000000004,18,GT,17
283,12.095199584960938,68.60769653320312,19443.82943287037,7.2620000000000005,35.65,35.126,18,GT,16
284,12.453700065612793,68.4708023071289,19443.889837962965,6.077,34.074,34.582,18,GT,18
285,12.764800071716309,68.3655014038086,19443.938738425928,6.503,34.595,34.732,18,GT,21
286,13.145299911499023,68.23580169677734,19443.999988425927,5.347,33.1,34.219,18,GT,30
287,14.8927001953125,67.96269989013672,19445.053969907407,3.638,30.706,33.164,18,GT,80
288,14.88129997253418,67.96980285644531,19445.065578703703,3.491,30.588,33.172000000000004,18,GT,79
289,14.878000259399414,67.97920227050781,19445.079293981482,3.452,30.553,33.17,18,GT,78
290,14.851300239562988,67.98999786376953,19445.095752314814,3.468,30.581,33.185,18,GT,77
291,14.777000427246094,68.03179931640625,19445.126319444444,3.434,30.569,33.207,18,GT,76
292,14.705699920654297,68.0707015991211,19445.156666666666,3.3970000000000002,30.434,33.082,18,GT,71
293,14.631500244140625,68.11329650878906,19445.186979166665,3.416,30.496000000000002,33.138,18,GT,70
294,14.552200317382812,68.15869903564453,19445.214421296296,3.439,30.485,33.101,18,GT,67
295,14.524800300598145,68.17050170898438,19445.236041666667,3.4410000000000003,30.48,33.094,18,GT,66
296,14.499799728393555,68.18319702148438,19445.25619212963,3.482,30.544,33.129,18,GT,65
297,14.4822998046875,68.19100189208984,19445.27259259259,3.365,30.397000000000002,33.071,18,GT,64
298,14.480299949645996,68.19750213623047,19445.28753472222,3.326,30.317,33.015,18,GT,63
299,14.706999778747559,68.27799987792969,19445.416747685184,3.403,30.478,33.13,18,GT,73
300,14.708999633789062,68.23600006103516,19445.44824074074,3.641,30.735,33.194,18,GT,74
301,14.350000381469727,68.14199829101562,19445.583425925925,3.513,30.645,33.219,18,GT,60
302,14.461000442504883,68.09449768066406,19445.609803240743,3.508,30.631,33.206,18,GT,61
303,14.264699935913086,68.05400085449219,19445.647858796296,3.548,30.746000000000002,33.302,18,GT,59
304,14.048800468444824,68.14099884033203,19445.69234953704,3.668,30.905,33.37,18,GT,54
305,14.087800025939941,68.14179992675781,19445.75084490741,3.782,31.043,33.419000000000004,18,GT,55
306,14.007499694824219,68.12850189208984,19445.84650462963,3.5580000000000003,30.744,33.291000000000004,18,GT,52
307,13.882699966430664,68.08529663085938,19445.883240740743,3.498,30.652,33.242,18,GT,48
308,14.094200134277344,67.9937973022461,19446.01625,3.573,30.767,33.303,18,GT,56
309,13.882699966430664,67.93800354003906,19446.06613425926,3.848,31.111,33.432,18,GT,47
310,13.673500061035156,68.03450012207031,19446.199861111112,3.754,31.026,33.426,18,GT,43
311,13.447799682617188,68.01180267333984,19446.302581018517,3.919,31.228,33.498,18,GT,38
312,13.763299942016602,67.88800048828125,19446.365335648148,4.104,31.409,33.524,18,GT,45
313,13.593500137329102,67.84320068359375,19446.399837962963,4.453,31.938000000000002,33.789,18,GT,41
314,13.249300003051758,67.97429656982422,19446.46584490741,4.162,31.559,33.641,18,GT,34
315,13.131500244140625,67.89779663085938,19446.569479166665,3.815,31.132,33.49,18,GT,29
316,13.363800048828125,67.7927017211914,19446.625787037035,4.491,31.978,33.796,18,GT,37
317,13.273200035095215,67.72750091552734,19446.668055555554,4.283,31.736,33.725,18,GT,35
318,12.991299629211426,67.83570098876953,19446.724988425925,3.777,31.095000000000002,33.486000000000004,18,GT,27
319,12.915499687194824,67.72270202636719,19446.806539351852,3.806,31.132,33.5,18,GT,25
320,13.102999687194824,67.66580200195312,19446.848530092593,4.106,31.496000000000002,33.624,18,GT,28
321,12.924300193786621,67.59950256347656,19446.89511574074,4.0600000000000005,31.453,33.62,18,GT,26
322,12.805800437927246,67.65769958496094,19446.92954861111,4.319,31.777,33.736000000000004,18,GT,22
323,12.646499633789062,67.59750366210938,19446.96445601852,4.354,31.824,33.756,18,GT,20
324,5.199699878692627,62.36520004272461,19376.416006944444,7.316,35.047000000000004,34.412,19,GT,15
325,4.948299884796143,62.486000061035156,19376.46545138889,7.718,35.619,34.634,19,GT,14
326,4.700200080871582,62.604801177978516,19376.541805555556,7.807,35.733000000000004,34.668,19,GT,13
327,4.439300060272217,62.72129821777344,19376.5946875,8.771,37.149,35.221000000000004,19,GT,12
328,4.197000026702881,62.83720016479492,19376.703344907408,8.952,37.339,35.242,19,GT,11
329,3.920300006866455,62.95750045776367,19376.779675925925,8.63,37.058,35.265,19,GT,10
330,3.680299997329712,63.0802001953125,19376.894652777777,9.073,37.53,35.322,19,GT,9
331,3.4007999897003174,63.19329833984375,19377.191574074073,8.361,36.766,35.224000000000004,19,GT,8
332,3.1247000694274902,63.30820083618164,19377.41828703704,8.263,36.667,35.216,19,GT,7
333,2.871299982070923,63.426300048828125,19377.554444444442,8.654,37.044000000000004,35.225,19,GT,6
334,2.357800006866455,63.68220138549805,19377.72627314815,8.696,37.104,35.248,19,GT,5
335,1.8037999868392944,63.89979934692383,19377.885081018518,8.441,36.886,35.272,19,GT,4
336,1.2725000381469727,64.13780212402344,19378.095613425925,7.7700000000000005,36.208,35.219,19,GT,3
337,0.7105000019073486,64.37149810791016,19378.282546296297,6.667,35.096000000000004,35.121,19,GT,2
338,0.0017000000225380063,64.6697006225586,19378.46390046296,6.82,35.248,35.134,19,GT,1
339,16.55780029296875,71.48570251464844,19419.788472222222,6.766,35.182,35.116,19,GT,97
340,16.913999557495117,71.51480102539062,19420.019710648146,6.421,34.715,34.95,19,GT,103
341,17.082199096679688,70.99929809570312,19420.203819444443,6.656000000000001,34.984,35.01,19,GT,104
342,17.725299835205078,69.69580078125,19439.23996527778,4.75,32.544000000000004,34.191,19,GT,108
343,17.437299728393555,69.78970336914062,19439.306979166668,4.9430000000000005,32.79,34.278,19,GT,107
344,17.097999572753906,69.9031982421875,19439.388506944444,5.187,33.08,34.362,19,GT,105
345,16.80299949645996,70.00250244140625,19439.486747685183,6.702,34.944,34.917,19,GT,100
346,16.58530044555664,69.85179901123047,19439.573935185184,6.385,34.535000000000004,34.785000000000004,19,GT,99
347,16.90920066833496,69.72920227050781,19439.690555555553,5.96,33.994,34.611000000000004,19,GT,102
348,17.148799896240234,69.63600158691406,19439.73730324074,5.831,33.848,34.579,19,GT,106
349,16.877500534057617,69.51180267333984,19439.80318287037,4.5600000000000005,32.33,34.137,19,GT,101
350,16.559200286865234,69.61920166015625,19439.871446759258,5.698,33.660000000000004,34.501,19,GT,98
351,16.2637996673584,69.7229995727539,19439.937337962965,6.501,34.681,34.83,19,GT,95
352,16.202499389648438,69.63629913330078,19440.0962962963,6.9270000000000005,35.212,34.985,19,GT,94
353,15.883000373840332,69.63619995117188,19440.17855324074,6.844,35.29,35.156,19,GT,90
354,16.147300720214844,69.53050231933594,19440.333090277778,6.24,34.308,34.679,19,GT,93
355,16.387699127197266,69.4469985961914,19440.42486111111,5.49,33.378,34.392,19,GT,96
356,16.114299774169922,69.41020202636719,19440.486539351852,5.332,33.178,34.325,19,GT,92
357,15.969799995422363,69.35530090332031,19440.54326388889,4.987,32.753,34.189,19,GT,91
358,15.515000343322754,69.38300323486328,19440.648657407408,6.171,34.219,34.648,19,GT,88
359,15.15530014038086,69.38369750976562,19440.7115625,7.281000000000001,35.71,35.172000000000004,19,GT,85
360,15.396499633789062,69.29000091552734,19440.82591435185,5.91,33.914,34.571,19,GT,86
361,15.613200187683105,69.20379638671875,19440.87491898148,4.95,32.704,34.171,19,GT,89
362,15.40470027923584,69.06900024414062,19441.035069444446,4.363,31.953,33.897,19,GT,87
363,15.129199981689453,69.16699981689453,19441.085451388888,5.41,33.271,34.352000000000004,19,GT,84
364,14.893199920654297,69.25980377197266,19441.13236111111,6.799,34.998,34.879,19,GT,81
365,14.576000213623047,69.24980163574219,19441.18974537037,7.08,35.410000000000004,35.048,19,GT,68
366,14.472299575805664,69.14920043945312,19441.305856481482,6.751,34.951,34.876,19,GT,62
367,14.706000328063965,69.07720184326172,19441.385439814814,6.264,34.325,34.674,19,GT,72
368,14.92549991607666,69.0009994506836,19441.43359953704,4.5840000000000005,32.24,34.008,19,GT,82
369,14.63029956817627,68.89769744873047,19441.498831018518,4.578,32.227000000000004,33.998,19,GT,69
370,14.019499778747559,69.08370208740234,19441.65457175926,7.322,35.734,35.158,19,GT,53
371,13.916799545288086,69.02320098876953,19441.71292824074,7.198,35.566,35.099000000000004,19,GT,49
372,13.602499961853027,68.99330139160156,19441.77960648148,7.255,35.631,35.113,19,GT,42
373,13.943300247192383,68.86930084228516,19441.85179398148,6.28,34.333,34.665,19,GT,50
374,14.264300346374512,68.75900268554688,19441.911770833332,4.93,32.636,34.112,19,GT,58
375,14.222200393676758,68.54879760742188,19442.02099537037,4.9670000000000005,32.631,34.068,19,GT,57
376,14.755499839782715,68.64250183105469,19442.386296296296,3.682,30.918,33.371,19,GT,75
377,15.09179973602295,68.72149658203125,19442.445405092592,3.21,29.793,32.501,19,GT,83
378,13.729999542236328,68.71080017089844,19442.71185185185,6.0680000000000005,34.056,34.57,19,GT,44
379,13.318499565124512,68.85279846191406,19442.819826388888,6.9190000000000005,35.137,34.911,19,GT,36
380,13.18220043182373,68.80419921875,19442.883553240743,6.981,35.242,34.963,19,GT,31
381,12.839300155639648,68.80570220947266,19443.038229166665,7.259,35.636,35.115,19,GT,23
382,13.204000473022461,68.68099975585938,19443.101041666665,6.62,34.738,34.773,19,GT,33
383,13.563199996948242,68.55719757080078,19443.1587962963,5.715,33.609,34.425000000000004,19,GT,40
384,13.996800422668457,68.41570281982422,19443.223877314816,5.3580000000000005,33.149,34.265,19,GT,51
385,13.772500038146973,68.37770080566406,19443.27571759259,4.968,32.592,34.022,19,GT,46
386,13.525199890136719,68.33280181884766,19443.33792824074,5.206,32.910000000000004,34.146,19,GT,39
387,13.18970012664795,68.447998046875,19443.461469907408,5.509,33.326,34.312,19,GT,32
388,12.882699966430664,68.5593032836914,19443.54034722222,6.62,34.723,34.754,19,GT,24
389,12.5201997756958,68.69329833984375,19443.695092592592,7.135,35.463,35.051,19,GT,19
390,12.43019962310791,68.6082992553711,19443.754699074074,7.073,35.334,34.972,19,GT,17
391,12.095199584960938,68.60769653320312,19443.82943287037,7.26,35.649,35.126,19,GT,16
392,12.453700065612793,68.4708023071289,19443.889837962965,6.074,34.071,34.582,19,GT,18
393,12.764800071716309,68.3655014038086,19443.938738425928,6.507000000000001,34.6,34.734,19,GT,21
394,13.145299911499023,68.23580169677734,19443.999988425927,5.348,33.102000000000004,34.22,19,GT,30
395,14.8927001953125,67.96269989013672,19445.053969907407,3.628,30.702,33.167,19,GT,80
396,14.88129997253418,67.96980285644531,19445.065578703703,3.489,30.587,33.172000000000004,19,GT,79
397,14.878000259399414,67.97920227050781,19445.079293981482,3.454,30.557000000000002,33.171,19,GT,78
398,14.851300239562988,67.98999786376953,19445.095752314814,3.486,30.6,33.191,19,GT,77
399,14.777000427246094,68.03179931640625,19445.126319444444,3.434,30.569,33.206,19,GT,76
400,14.705699920654297,68.0707015991211,19445.156666666666,3.3970000000000002,30.434,33.082,19,GT,71
401,14.631500244140625,68.11329650878906,19445.186979166665,3.432,30.513,33.142,19,GT,70
402,14.552200317382812,68.15869903564453,19445.214421296296,3.44,30.487000000000002,33.103,19,GT,67
403,14.524800300598145,68.17050170898438,19445.236041666667,3.489,30.558,33.138,19,GT,66
404,14.499799728393555,68.18319702148438,19445.25619212963,3.471,30.54,33.134,19,GT,65
405,14.4822998046875,68.19100189208984,19445.27259259259,3.375,30.414,33.081,19,GT,64
406,14.480299949645996,68.19750213623047,19445.28753472222,3.349,30.351,33.032000000000004,19,GT,63
407,14.706999778747559,68.27799987792969,19445.416747685184,3.672,30.798000000000002,33.238,19,GT,73
408,14.708999633789062,68.23600006103516,19445.44824074074,3.749,30.907,33.289,19,GT,74
409,14.350000381469727,68.14199829101562,19445.583425925925,3.5220000000000002,30.659,33.226,19,GT,60
410,14.461000442504883,68.09449768066406,19445.609803240743,3.529,30.658,33.216,19,GT,61
411,14.264699935913086,68.05400085449219,19445.647858796296,3.551,30.751,33.304,19,GT,59
412,14.048800468444824,68.14099884033203,19445.69234953704,3.677,30.918,33.376,19,GT,54
413,14.087800025939941,68.14179992675781,19445.75084490741,3.782,31.043,33.419000000000004,19,GT,55
414,14.007499694824219,68.12850189208984,19445.84650462963,3.56,30.747,33.291000000000004,19,GT,52
415,13.882699966430664,68.08529663085938,19445.883240740743,3.497,30.652,33.242,19,GT,48
416,14.094200134277344,67.9937973022461,19446.01625,3.565,30.765,33.308,19,GT,56
417,13.882699966430664,67.93800354003906,19446.06613425926,3.8770000000000002,31.146,33.444,19,GT,47
418,13.673500061035156,68.03450012207031,19446.199861111112,3.806,31.1,33.46,19,GT,43
419,13.447799682617188,68.01180267333984,19446.302581018517,3.946,31.266000000000002,33.516,19,GT,38
420,13.763299942016602,67.88800048828125,19446.365335648148,4.1450000000000005,31.468,33.55,19,GT,45
421,13.593500137329102,67.84320068359375,19446.399837962963,4.454,31.941,33.79,19,GT,41
422,13.249300003051758,67.97429656982422,19446.46584490741,4.187,31.587,33.648,19,GT,34
423,13.131500244140625,67.89779663085938,19446.569479166665,3.8080000000000003,31.127,33.49,19,GT,29
424,13.363800048828125,67.7927017211914,19446.625787037035,4.489,31.977,33.797000000000004,19,GT,37
425,13.273200035095215,67.72750091552734,19446.668055555554,4.289,31.744,33.728,19,GT,35
426,12.991299629211426,67.83570098876953,19446.724988425925,3.777,31.095000000000002,33.486000000000004,19,GT,27
427,12.915499687194824,67.72270202636719,19446.806539351852,3.8040000000000003,31.131,33.499,19,GT,25
428,13.102999687194824,67.66580200195312,19446.848530092593,4.115,31.508,33.628,19,GT,28
429,12.924300193786621,67.59950256347656,19446.89511574074,4.055,31.449,33.619,19,GT,26
430,12.805800437927246,67.65769958496094,19446.92954861111,4.364,31.834,33.757,19,GT,22
431,12.646499633789062,67.59750366210938,19446.96445601852,4.453,31.946,33.797000000000004,19,GT,20
432,5.199699878692627,62.36520004272461,19376.416006944444,7.316,35.048,34.413000000000004,20,GT,15
433,4.948299884796143,62.486000061035156,19376.46545138889,7.721,35.622,34.634,20,GT,14
434,4.700200080871582,62.604801177978516,19376.541805555556,7.801,35.727000000000004,34.667,20,GT,13
435,4.439300060272217,62.72129821777344,19376.5946875,8.771,37.149,35.222,20,GT,12
436,4.197000026702881,62.83720016479492,19376.703344907408,8.952,37.339,35.242,20,GT,11
437,3.920300006866455,62.95750045776367,19376.779675925925,8.631,37.059,35.265,20,GT,10
438,3.680299997329712,63.0802001953125,19376.894652777777,9.074,37.531,35.322,20,GT,9
439,3.4007999897003174,63.19329833984375,19377.191574074073,8.359,36.765,35.224000000000004,20,GT,8
440,3.1247000694274902,63.30820083618164,19377.41828703704,8.262,36.667,35.216,20,GT,7
441,2.871299982070923,63.426300048828125,19377.554444444442,8.654,37.044000000000004,35.226,20,GT,6
442,2.357800006866455,63.68220138549805,19377.72627314815,8.696,37.104,35.248,20,GT,5
443,1.8037999868392944,63.89979934692383,19377.885081018518,8.446,36.892,35.272,20,GT,4
444,1.2725000381469727,64.13780212402344,19378.095613425925,7.771,36.211,35.22,20,GT,3
445,0.7105000019073486,64.37149810791016,19378.282546296297,6.666,35.096000000000004,35.121,20,GT,2
446,0.0017000000225380063,64.6697006225586,19378.46390046296,6.821,35.249,35.134,20,GT,1
447,16.55780029296875,71.48570251464844,19419.788472222222,6.763,35.179,35.116,20,GT,97
448,16.913999557495117,71.51480102539062,19420.019710648146,6.42,34.715,34.95,20,GT,103
449,17.082199096679688,70.99929809570312,19420.203819444443,6.65,34.979,35.01,20,GT,104
450,17.725299835205078,69.69580078125,19439.23996527778,4.751,32.546,34.191,20,GT,108
451,17.437299728393555,69.78970336914062,19439.306979166668,4.942,32.789,34.277,20,GT,107
452,17.097999572753906,69.9031982421875,19439.388506944444,5.187,33.081,34.362,20,GT,105
453,16.80299949645996,70.00250244140625,19439.486747685183,6.706,34.949,34.919000000000004,20,GT,100
454,16.58530044555664,69.85179901123047,19439.573935185184,6.382000000000001,34.532000000000004,34.784,20,GT,99
455,16.90920066833496,69.72920227050781,19439.690555555553,5.992,34.032000000000004,34.62,20,GT,102
456,17.148799896240234,69.63600158691406,19439.73730324074,5.844,33.864,34.584,20,GT,106
457,16.877500534057617,69.51180267333984,19439.80318287037,4.562,32.332,34.137,20,GT,101
458,16.559200286865234,69.61920166015625,19439.871446759258,5.703,33.667,34.503,20,GT,98
459,16.2637996673584,69.7229995727539,19439.937337962965,6.501,34.682,34.83,20,GT,95
460,16.202499389648438,69.63629913330078,19440.0962962963,6.938,35.228,34.99,20,GT,94
461,15.883000373840332,69.63619995117188,19440.17855324074,6.844,35.29,35.157000000000004,20,GT,90
462,16.147300720214844,69.53050231933594,19440.333090277778,6.239,34.308,34.679,20,GT,93
463,16.387699127197266,69.4469985961914,19440.42486111111,5.49,33.379,34.392,20,GT,96
464,16.114299774169922,69.41020202636719,19440.486539351852,5.333,33.18,34.325,20,GT,92
465,15.969799995422363,69.35530090332031,19440.54326388889,4.987,32.754,34.19,20,GT,91
466,15.515000343322754,69.38300323486328,19440.648657407408,6.168,34.215,34.647,20,GT,88
467,15.15530014038086,69.38369750976562,19440.7115625,7.281000000000001,35.71,35.172000000000004,20,GT,85
468,15.396499633789062,69.29000091552734,19440.82591435185,5.91,33.914,34.571,20,GT,86
469,15.613200187683105,69.20379638671875,19440.87491898148,4.952,32.707,34.172000000000004,20,GT,89
470,15.40470027923584,69.06900024414062,19441.035069444446,4.547,32.209,34.008,20,GT,87
471,15.129199981689453,69.16699981689453,19441.085451388888,5.4110000000000005,33.273,34.352000000000004,20,GT,84
472,14.893199920654297,69.25980377197266,19441.13236111111,6.797,34.996,34.879,20,GT,81
473,14.576000213623047,69.24980163574219,19441.18974537037,7.134,35.477000000000004,35.067,20,GT,68
474,14.472299575805664,69.14920043945312,19441.305856481482,6.7490000000000006,34.95,34.875,20,GT,62
475,14.706000328063965,69.07720184326172,19441.385439814814,6.269,34.332,34.676,20,GT,72
476,14.92549991607666,69.0009994506836,19441.43359953704,4.5920000000000005,32.249,34.01,20,GT,82
477,14.63029956817627,68.89769744873047,19441.498831018518,4.578,32.227000000000004,33.997,20,GT,69
478,14.019499778747559,69.08370208740234,19441.65457175926,7.323,35.735,35.158,20,GT,53
479,13.916799545288086,69.02320098876953,19441.71292824074,7.198,35.567,35.099000000000004,20,GT,49
480,13.602499961853027,68.99330139160156,19441.77960648148,7.257000000000001,35.634,35.113,20,GT,42
481,13.943300247192383,68.86930084228516,19441.85179398148,6.288,34.344,34.669000000000004,20,GT,50
482,14.264300346374512,68.75900268554688,19441.911770833332,4.93,32.635,34.11,20,GT,58
483,14.222200393676758,68.54879760742188,19442.02099537037,4.966,32.63,34.067,20,GT,57
484,14.755499839782715,68.64250183105469,19442.386296296296,3.72,30.971,33.395,20,GT,75
485,15.09179973602295,68.72149658203125,19442.445405092592,3.203,29.794,32.508,20,GT,83
486,13.729999542236328,68.71080017089844,19442.71185185185,6.0680000000000005,34.056,34.57,20,GT,44
487,13.318499565124512,68.85279846191406,19442.819826388888,6.918,35.137,34.912,20,GT,36
488,13.18220043182373,68.80419921875,19442.883553240743,6.981,35.242,34.963,20,GT,31
489,12.839300155639648,68.80570220947266,19443.038229166665,7.256,35.634,35.114,20,GT,23
490,13.204000473022461,68.68099975585938,19443.101041666665,6.619,34.738,34.773,20,GT,33
491,13.563199996948242,68.55719757080078,19443.1587962963,5.716,33.611000000000004,34.426,20,GT,40
492,13.996800422668457,68.41570281982422,19443.223877314816,5.357,33.149,34.264,20,GT,51
493,13.772500038146973,68.37770080566406,19443.27571759259,4.969,32.593,34.022,20,GT,46
494,13.525199890136719,68.33280181884766,19443.33792824074,5.206,32.911,34.145,20,GT,39
495,13.18970012664795,68.447998046875,19443.461469907408,5.51,33.326,34.312,20,GT,32
496,12.882699966430664,68.5593032836914,19443.54034722222,6.62,34.724000000000004,34.755,20,GT,24
497,12.5201997756958,68.69329833984375,19443.695092592592,7.135,35.464,35.051,20,GT,19
498,12.43019962310791,68.6082992553711,19443.754699074074,7.075,35.336,34.972,20,GT,17
499,12.095199584960938,68.60769653320312,19443.82943287037,7.261,35.65,35.126,20,GT,16
500,12.453700065612793,68.4708023071289,19443.889837962965,6.074,34.072,34.582,20,GT,18
501,12.764800071716309,68.3655014038086,19443.938738425928,6.51,34.603,34.734,20,GT,21
502,13.145299911499023,68.23580169677734,19443.999988425927,5.349,33.103,34.22,20,GT,30
503,14.8927001953125,67.96269989013672,19445.053969907407,3.626,30.7,33.166000000000004,20,GT,80
504,14.88129997253418,67.96980285644531,19445.065578703703,3.48,30.582,33.174,20,GT,79
505,14.878000259399414,67.97920227050781,19445.079293981482,3.4530000000000003,30.556,33.171,20,GT,78
506,14.851300239562988,67.98999786376953,19445.095752314814,3.516,30.638,33.205,20,GT,77
507,14.777000427246094,68.03179931640625,19445.126319444444,3.432,30.567,33.206,20,GT,76
508,14.705699920654297,68.0707015991211,19445.156666666666,3.396,30.434,33.082,20,GT,71
509,14.631500244140625,68.11329650878906,19445.186979166665,3.446,30.53,33.147,20,GT,70
510,14.552200317382812,68.15869903564453,19445.214421296296,3.4410000000000003,30.489,33.104,20,GT,67
511,14.524800300598145,68.17050170898438,19445.236041666667,3.504,30.599,33.171,20,GT,66
512,14.499799728393555,68.18319702148438,19445.25619212963,3.464,30.536,33.136,20,GT,65
513,14.4822998046875,68.19100189208984,19445.27259259259,3.388,30.435000000000002,33.092,20,GT,64
514,14.480299949645996,68.19750213623047,19445.28753472222,3.372,30.402,33.07,20,GT,63
515,14.706999778747559,68.27799987792969,19445.416747685184,3.831,30.993000000000002,33.308,20,GT,73
516,14.708999633789062,68.23600006103516,19445.44824074074,3.823,31.02,33.348,20,GT,74
517,14.350000381469727,68.14199829101562,19445.583425925925,3.529,30.671,33.232,20,GT,60
518,14.461000442504883,68.09449768066406,19445.609803240743,3.5380000000000003,30.669,33.22,20,GT,61
519,14.264699935913086,68.05400085449219,19445.647858796296,3.556,30.758,33.307,20,GT,59
520,14.048800468444824,68.14099884033203,19445.69234953704,3.685,30.928,33.379,20,GT,54
521,14.087800025939941,68.14179992675781,19445.75084490741,3.783,31.045,33.419000000000004,20,GT,55
522,14.007499694824219,68.12850189208984,19445.84650462963,3.5620000000000003,30.751,33.294000000000004,20,GT,52
523,13.882699966430664,68.08529663085938,19445.883240740743,3.5020000000000002,30.659,33.244,20,GT,48
524,14.094200134277344,67.9937973022461,19446.01625,3.5660000000000003,30.769000000000002,33.311,20,GT,56
525,13.882699966430664,67.93800354003906,19446.06613425926,3.8930000000000002,31.165,33.449,20,GT,47
526,13.673500061035156,68.03450012207031,19446.199861111112,3.908,31.245,33.529,20,GT,43
527,13.447799682617188,68.01180267333984,19446.302581018517,3.964,31.29,33.524,20,GT,38
528,13.763299942016602,67.88800048828125,19446.365335648148,4.101,31.454,33.579,20,GT,45
529,13.593500137329102,67.84320068359375,19446.399837962963,4.465,31.957,33.797000000000004,20,GT,41
530,13.249300003051758,67.97429656982422,19446.46584490741,4.204,31.607,33.653,20,GT,34
531,13.131500244140625,67.89779663085938,19446.569479166665,3.8080000000000003,31.127,33.49,20,GT,29
532,13.363800048828125,67.7927017211914,19446.625787037035,4.489,31.978,33.797000000000004,20,GT,37
533,13.273200035095215,67.72750091552734,19446.668055555554,4.283,31.737000000000002,33.725,20,GT,35
534,12.991299629211426,67.83570098876953,19446.724988425925,3.778,31.098,33.487,20,GT,27
535,12.915499687194824,67.72270202636719,19446.806539351852,3.8040000000000003,31.132,33.5,20,GT,25
536,13.102999687194824,67.66580200195312,19446.848530092593,4.116,31.51,33.628,20,GT,28
537,12.924300193786621,67.59950256347656,19446.89511574074,4.053,31.446,33.618,20,GT,26
538,12.805800437927246,67.65769958496094,19446.92954861111,4.447,31.94,33.795,20,GT,22
539,12.646499633789062,67.59750366210938,19446.96445601852,4.493,31.993000000000002,33.81,20,GT,20
540,5.199699878692627,62.36520004272461,19376.416006944444,7.338,35.073,34.418,21,GT,15
541,4.948299884796143,62.486000061035156,19376.46545138889,7.721,35.623,34.635,21,GT,14
542,4.700200080871582,62.604801177978516,19376.541805555556,7.797000000000001,35.723,34.666000000000004,21,GT,13
543,4.439300060272217,62.72129821777344,19376.5946875,8.771,37.15,35.222,21,GT,12
544,4.197000026702881,62.83720016479492,19376.703344907408,8.951,37.339,35.242,21,GT,11
545,3.920300006866455,62.95750045776367,19376.779675925925,8.63,37.059,35.265,21,GT,10
546,3.680299997329712,63.0802001953125,19376.894652777777,9.074,37.532000000000004,35.322,21,GT,9
547,3.4007999897003174,63.19329833984375,19377.191574074073,8.357,36.763,35.224000000000004,21,GT,8
548,3.1247000694274902,63.30820083618164,19377.41828703704,8.263,36.668,35.216,21,GT,7
549,2.871299982070923,63.426300048828125,19377.554444444442,8.655,37.045,35.225,21,GT,6
550,2.357800006866455,63.68220138549805,19377.72627314815,8.696,37.105000000000004,35.248,21,GT,5
551,1.8037999868392944,63.89979934692383,19377.885081018518,8.448,36.894,35.273,21,GT,4
552,1.2725000381469727,64.13780212402344,19378.095613425925,7.771,36.211,35.22,21,GT,3
553,0.7105000019073486,64.37149810791016,19378.282546296297,6.668,35.098,35.121,21,GT,2
554,0.0017000000225380063,64.6697006225586,19378.46390046296,6.823,35.251,35.134,21,GT,1
555,16.55780029296875,71.48570251464844,19419.788472222222,6.7620000000000005,35.178,35.115,21,GT,97
556,16.913999557495117,71.51480102539062,19420.019710648146,6.413,34.708,34.948,21,GT,103
557,17.082199096679688,70.99929809570312,19420.203819444443,6.646,34.976,35.01,21,GT,104
558,17.725299835205078,69.69580078125,19439.23996527778,4.752,32.547000000000004,34.192,21,GT,108
559,17.437299728393555,69.78970336914062,19439.306979166668,4.936,32.783,34.275,21,GT,107
560,17.097999572753906,69.9031982421875,19439.388506944444,5.187,33.082,34.362,21,GT,105
561,16.80299949645996,70.00250244140625,19439.486747685183,6.705,34.948,34.918,21,GT,100
562,16.58530044555664,69.85179901123047,19439.573935185184,6.382000000000001,34.532000000000004,34.784,21,GT,99
563,16.90920066833496,69.72920227050781,19439.690555555553,6.017,34.063,34.629,21,GT,102
564,17.148799896240234,69.63600158691406,19439.73730324074,5.864,33.893,34.595,21,GT,106
565,16.877500534057617,69.51180267333984,19439.80318287037,4.566,32.337,34.138,21,GT,101
566,16.559200286865234,69.61920166015625,19439.871446759258,5.705,33.67,34.504,21,GT,98
567,16.2637996673584,69.7229995727539,19439.937337962965,6.502,34.683,34.831,21,GT,95
568,16.202499389648438,69.63629913330078,19440.0962962963,6.956,35.252,34.998,21,GT,94
569,15.883000373840332,69.63619995117188,19440.17855324074,6.844,35.291000000000004,35.156,21,GT,90
570,16.147300720214844,69.53050231933594,19440.333090277778,6.237,34.306,34.678,21,GT,93
571,16.387699127197266,69.4469985961914,19440.42486111111,5.489,33.379,34.392,21,GT,96
572,16.114299774169922,69.41020202636719,19440.486539351852,5.3340000000000005,33.183,34.326,21,GT,92
573,15.969799995422363,69.35530090332031,19440.54326388889,4.987,32.754,34.19,21,GT,91
574,15.515000343322754,69.38300323486328,19440.648657407408,6.165,34.213,34.647,21,GT,88
575,15.15530014038086,69.38369750976562,19440.7115625,7.281000000000001,35.711,35.172000000000004,21,GT,85
576,15.396499633789062,69.29000091552734,19440.82591435185,5.91,33.915,34.571,21,GT,86
577,15.613200187683105,69.20379638671875,19440.87491898148,4.961,32.718,34.175000000000004,21,GT,89
578,15.40470027923584,69.06900024414062,19441.035069444446,4.599,32.286,34.044000000000004,21,GT,87
579,15.129199981689453,69.16699981689453,19441.085451388888,5.412,33.275,34.352000000000004,21,GT,84
580,14.893199920654297,69.25980377197266,19441.13236111111,6.798,34.998,34.879,21,GT,81
581,14.576000213623047,69.24980163574219,19441.18974537037,7.181,35.534,35.081,21,GT,68
582,14.472299575805664,69.14920043945312,19441.305856481482,6.7540000000000004,34.956,34.877,21,GT,62
583,14.706000328063965,69.07720184326172,19441.385439814814,6.269,34.332,34.676,21,GT,72
584,14.92549991607666,69.0009994506836,19441.43359953704,4.589,32.247,34.01,21,GT,82
585,14.63029956817627,68.89769744873047,19441.498831018518,4.587,32.24,34.003,21,GT,69
586,14.019499778747559,69.08370208740234,19441.65457175926,7.322,35.735,35.157000000000004,21,GT,53
587,13.916799545288086,69.02320098876953,19441.71292824074,7.2,35.57,35.1,21,GT,49
588,13.602499961853027,68.99330139160156,19441.77960648148,7.255,35.632,35.113,21,GT,42
589,13.943300247192383,68.86930084228516,19441.85179398148,6.288,34.346000000000004,34.67,21,GT,50
590,14.264300346374512,68.75900268554688,19441.911770833332,4.929,32.633,34.109,21,GT,58
591,14.222200393676758,68.54879760742188,19442.02099537037,4.966,32.631,34.068,21,GT,57
592,14.755499839782715,68.64250183105469,19442.386296296296,3.7520000000000002,31.012,33.411,21,GT,75
593,15.09179973602295,68.72149658203125,19442.445405092592,3.198,29.810000000000002,32.533,21,GT,83
594,13.729999542236328,68.71080017089844,19442.71185185185,6.069,34.057,34.57,21,GT,44
595,13.318499565124512,68.85279846191406,19442.819826388888,6.918,35.138,34.912,21,GT,36
596,13.18220043182373,68.80419921875,19442.883553240743,6.981,35.242,34.962,21,GT,31
597,12.839300155639648,68.80570220947266,19443.038229166665,7.248,35.624,35.112,21,GT,23
598,13.204000473022461,68.68099975585938,19443.101041666665,6.619,34.739,34.773,21,GT,33
599,13.563199996948242,68.55719757080078,19443.1587962963,5.7170000000000005,33.612,34.425000000000004,21,GT,40
600,13.996800422668457,68.41570281982422,19443.223877314816,5.3580000000000005,33.149,34.264,21,GT,51
601,13.772500038146973,68.37770080566406,19443.27571759259,4.969,32.594,34.023,21,GT,46
602,13.525199890136719,68.33280181884766,19443.33792824074,5.207,32.911,34.145,21,GT,39
603,13.18970012664795,68.447998046875,19443.461469907408,5.51,33.327,34.312,21,GT,32
604,12.882699966430664,68.5593032836914,19443.54034722222,6.62,34.724000000000004,34.754,21,GT,24
605,12.5201997756958,68.69329833984375,19443.695092592592,7.136,35.465,35.051,21,GT,19
606,12.43019962310791,68.6082992553711,19443.754699074074,7.07,35.33,34.97,21,GT,17
607,12.095199584960938,68.60769653320312,19443.82943287037,7.265000000000001,35.655,35.127,21,GT,16
608,12.453700065612793,68.4708023071289,19443.889837962965,6.074,34.072,34.582,21,GT,18
609,12.764800071716309,68.3655014038086,19443.938738425928,6.509,34.603,34.735,21,GT,21
610,13.145299911499023,68.23580169677734,19443.999988425927,5.3500000000000005,33.104,34.22,21,GT,30
611,14.8927001953125,67.96269989013672,19445.053969907407,3.622,30.7,33.17,21,GT,80
612,14.88129997253418,67.96980285644531,19445.065578703703,3.484,30.586000000000002,33.175,21,GT,79
613,14.878000259399414,67.97920227050781,19445.079293981482,3.451,30.554000000000002,33.17,21,GT,78
614,14.851300239562988,67.98999786376953,19445.095752314814,3.548,30.675,33.216,21,GT,77
615,14.777000427246094,68.03179931640625,19445.126319444444,3.431,30.567,33.206,21,GT,76
616,14.705699920654297,68.0707015991211,19445.156666666666,3.403,30.441,33.083,21,GT,71
617,14.631500244140625,68.11329650878906,19445.186979166665,3.491,30.580000000000002,33.161,21,GT,70
618,14.552200317382812,68.15869903564453,19445.214421296296,3.442,30.492,33.106,21,GT,67
619,14.524800300598145,68.17050170898438,19445.236041666667,3.528,30.651,33.208,21,GT,66
620,14.499799728393555,68.18319702148438,19445.25619212963,3.461,30.535,33.138,21,GT,65
621,14.4822998046875,68.19100189208984,19445.27259259259,3.3890000000000002,30.437,33.093,21,GT,64
622,14.480299949645996,68.19750213623047,19445.28753472222,3.394,30.441,33.093,21,GT,63
623,14.706999778747559,68.27799987792969,19445.416747685184,3.95,31.157,33.381,21,GT,73
624,14.708999633789062,68.23600006103516,19445.44824074074,3.849,31.056,33.363,21,GT,74
625,14.350000381469727,68.14199829101562,19445.583425925925,3.532,30.676000000000002,33.235,21,GT,60
626,14.461000442504883,68.09449768066406,19445.609803240743,3.545,30.678,33.223,21,GT,61
627,14.264699935913086,68.05400085449219,19445.647858796296,3.585,30.795,33.32,21,GT,59
628,14.048800468444824,68.14099884033203,19445.69234953704,3.685,30.929000000000002,33.379,21,GT,54
629,14.087800025939941,68.14179992675781,19445.75084490741,3.7840000000000003,31.046,33.419000000000004,21,GT,55
630,14.007499694824219,68.12850189208984,19445.84650462963,3.569,30.762,33.299,21,GT,52
631,13.882699966430664,68.08529663085938,19445.883240740743,3.5060000000000002,30.664,33.246,21,GT,48
632,14.094200134277344,67.9937973022461,19446.01625,3.5700000000000003,30.775000000000002,33.313,21,GT,56
633,13.882699966430664,67.93800354003906,19446.06613425926,3.898,31.172,33.452,21,GT,47
634,13.673500061035156,68.03450012207031,19446.199861111112,3.9450000000000003,31.298000000000002,33.552,21,GT,43
635,13.447799682617188,68.01180267333984,19446.302581018517,3.98,31.310000000000002,33.531,21,GT,38
636,13.763299942016602,67.88800048828125,19446.365335648148,4.154,31.526,33.608000000000004,21,GT,45
637,13.593500137329102,67.84320068359375,19446.399837962963,4.484,31.983,33.807,21,GT,41
638,13.249300003051758,67.97429656982422,19446.46584490741,4.226,31.631,33.659,21,GT,34
639,13.131500244140625,67.89779663085938,19446.569479166665,3.806,31.127,33.491,21,GT,29
640,13.363800048828125,67.7927017211914,19446.625787037035,4.488,31.978,33.798,21,GT,37
641,13.273200035095215,67.72750091552734,19446.668055555554,4.284,31.738,33.725,21,GT,35
642,12.991299629211426,67.83570098876953,19446.724988425925,3.779,31.1,33.488,21,GT,27
643,12.915499687194824,67.72270202636719,19446.806539351852,3.806,31.134,33.5,21,GT,25
644,13.102999687194824,67.66580200195312,19446.848530092593,4.171,31.578,33.652,21,GT,28
645,12.924300193786621,67.59950256347656,19446.89511574074,4.063,31.458000000000002,33.622,21,GT,26
646,12.805800437927246,67.65769958496094,19446.92954861111,4.49,31.995,33.816,21,GT,22
647,12.646499633789062,67.59750366210938,19446.96445601852,4.506,32.01,33.816,21,GT,20
648,5.199699878692627,62.36520004272461,19376.416006944444,7.336,35.073,34.419000000000004,22,GT,15
649,4.948299884796143,62.486000061035156,19376.46545138889,7.721,35.623,34.634,22,GT,14
650,4.700200080871582,62.604801177978516,19376.541805555556,7.795,35.72,34.665,22,GT,13
651,4.439300060272217,62.72129821777344,19376.5946875,8.771,37.15,35.222,22,GT,12
652,4.197000026702881,62.83720016479492,19376.703344907408,8.951,37.339,35.242,22,GT,11
653,3.920300006866455,62.95750045776367,19376.779675925925,8.63,37.059,35.264,22,GT,10
654,3.680299997329712,63.0802001953125,19376.894652777777,9.074,37.532000000000004,35.322,22,GT,9
655,3.4007999897003174,63.19329833984375,19377.191574074073,8.354000000000001,36.761,35.224000000000004,22,GT,8
656,3.1247000694274902,63.30820083618164,19377.41828703704,8.266,36.671,35.217,22,GT,7
657,2.871299982070923,63.426300048828125,19377.554444444442,8.65,37.042,35.226,22,GT,6
658,2.357800006866455,63.68220138549805,19377.72627314815,8.696,37.106,35.248,22,GT,5
659,1.8037999868392944,63.89979934692383,19377.885081018518,8.449,36.896,35.273,22,GT,4
660,1.2725000381469727,64.13780212402344,19378.095613425925,7.7700000000000005,36.211,35.22,22,GT,3
661,0.7105000019073486,64.37149810791016,19378.282546296297,6.668,35.098,35.121,22,GT,2
662,0.0017000000225380063,64.6697006225586,19378.46390046296,6.822,35.251,35.134,22,GT,1
663,16.55780029296875,71.48570251464844,19419.788472222222,6.755,35.17,35.114,22,GT,97
664,16.913999557495117,71.51480102539062,19420.019710648146,6.41,34.705,34.947,22,GT,103
665,17.082199096679688,70.99929809570312,19420.203819444443,6.647,34.977000000000004,35.01,22,GT,104
666,17.725299835205078,69.69580078125,19439.23996527778,4.7540000000000004,32.55,34.192,22,GT,108
667,17.437299728393555,69.78970336914062,19439.306979166668,4.96,32.814,34.286,22,GT,107
668,17.097999572753906,69.9031982421875,19439.388506944444,5.187,33.082,34.362,22,GT,105
669,16.80299949645996,70.00250244140625,19439.486747685183,6.704,34.948,34.918,22,GT,100
670,16.58530044555664,69.85179901123047,19439.573935185184,6.384,34.534,34.784,22,GT,99
671,16.90920066833496,69.72920227050781,19439.690555555553,6.025,34.073,34.632,22,GT,102
672,17.148799896240234,69.63600158691406,19439.73730324074,5.926,33.97,34.618,22,GT,106
673,16.877500534057617,69.51180267333984,19439.80318287037,4.572,32.343,34.139,22,GT,101
674,16.559200286865234,69.61920166015625,19439.871446759258,5.707,33.673,34.505,22,GT,98
675,16.2637996673584,69.7229995727539,19439.937337962965,6.502,34.683,34.83,22,GT,95
676,16.202499389648438,69.63629913330078,19440.0962962963,6.963,35.262,35.002,22,GT,94
677,15.883000373840332,69.63619995117188,19440.17855324074,6.8420000000000005,35.289,35.156,22,GT,90
678,16.147300720214844,69.53050231933594,19440.333090277778,6.238,34.307,34.678,22,GT,93
679,16.387699127197266,69.4469985961914,19440.42486111111,5.489,33.379,34.392,22,GT,96
680,16.114299774169922,69.41020202636719,19440.486539351852,5.333,33.181,34.325,22,GT,92
681,15.969799995422363,69.35530090332031,19440.54326388889,4.988,32.755,34.19,22,GT,91
682,15.515000343322754,69.38300323486328,19440.648657407408,6.182,34.233000000000004,34.653,22,GT,88
683,15.15530014038086,69.38369750976562,19440.7115625,7.281000000000001,35.712,35.172000000000004,22,GT,85
684,15.396499633789062,69.29000091552734,19440.82591435185,5.914,33.918,34.571,22,GT,86
685,15.613200187683105,69.20379638671875,19440.87491898148,4.969,32.729,34.178,22,GT,89
686,15.40470027923584,69.06900024414062,19441.035069444446,4.624,32.319,34.056,22,GT,87
687,15.129199981689453,69.16699981689453,19441.085451388888,5.416,33.28,34.353,22,GT,84
688,14.893199920654297,69.25980377197266,19441.13236111111,6.8,35.001,34.879,22,GT,81
689,14.576000213623047,69.24980163574219,19441.18974537037,7.207,35.567,35.09,22,GT,68
690,14.472299575805664,69.14920043945312,19441.305856481482,6.757000000000001,34.96,34.878,22,GT,62
691,14.706000328063965,69.07720184326172,19441.385439814814,6.2700000000000005,34.334,34.676,22,GT,72
692,14.92549991607666,69.0009994506836,19441.43359953704,4.6000000000000005,32.26,34.013,22,GT,82
693,14.63029956817627,68.89769744873047,19441.498831018518,4.5920000000000005,32.247,34.006,22,GT,69
694,14.019499778747559,69.08370208740234,19441.65457175926,7.324,35.737,35.158,22,GT,53
695,13.916799545288086,69.02320098876953,19441.71292824074,7.2010000000000005,35.572,35.101,22,GT,49
696,13.602499961853027,68.99330139160156,19441.77960648148,7.255,35.632,35.113,22,GT,42
697,13.943300247192383,68.86930084228516,19441.85179398148,6.287,34.344,34.668,22,GT,50
698,14.264300346374512,68.75900268554688,19441.911770833332,4.93,32.635,34.109,22,GT,58
699,14.222200393676758,68.54879760742188,19442.02099537037,4.971,32.638,34.071,22,GT,57
700,14.755499839782715,68.64250183105469,19442.386296296296,3.753,31.023,33.422000000000004,22,GT,75
701,15.09179973602295,68.72149658203125,19442.445405092592,3.197,29.858,32.591,22,GT,83
702,13.729999542236328,68.71080017089844,19442.71185185185,6.069,34.057,34.57,22,GT,44
703,13.318499565124512,68.85279846191406,19442.819826388888,6.92,35.139,34.911,22,GT,36
704,13.18220043182373,68.80419921875,19442.883553240743,6.981,35.242,34.962,22,GT,31
705,12.839300155639648,68.80570220947266,19443.038229166665,7.248,35.625,35.112,22,GT,23
706,13.204000473022461,68.68099975585938,19443.101041666665,6.619,34.739,34.773,22,GT,33
707,13.563199996948242,68.55719757080078,19443.1587962963,5.718,33.613,34.425000000000004,22,GT,40
708,13.996800422668457,68.41570281982422,19443.223877314816,5.3580000000000005,33.15,34.264,22,GT,51
709,13.772500038146973,68.37770080566406,19443.27571759259,4.97,32.595,34.023,22,GT,46
710,13.525199890136719,68.33280181884766,19443.33792824074,5.207,32.912,34.146,22,GT,39
711,13.18970012664795,68.447998046875,19443.461469907408,5.51,33.328,34.312,22,GT,32
712,12.882699966430664,68.5593032836914,19443.54034722222,6.62,34.724000000000004,34.754,22,GT,24
713,12.5201997756958,68.69329833984375,19443.695092592592,7.138,35.467,35.051,22,GT,19
714,12.43019962310791,68.6082992553711,19443.754699074074,7.0680000000000005,35.329,34.97,22,GT,17
715,12.095199584960938,68.60769653320312,19443.82943287037,7.268,35.659,35.128,22,GT,16
716,12.453700065612793,68.4708023071289,19443.889837962965,6.074,34.073,34.582,22,GT,18
717,12.764800071716309,68.3655014038086,19443.938738425928,6.516,34.612,34.737,22,GT,21
718,13.145299911499023,68.23580169677734,19443.999988425927,5.3580000000000005,33.113,34.221000000000004,22,GT,30
719,14.8927001953125,67.96269989013672,19445.053969907407,3.616,30.697,33.172000000000004,22,GT,80
720,14.88129997253418,67.96980285644531,19445.065578703703,3.486,30.589000000000002,33.175,22,GT,79
721,14.878000259399414,67.97920227050781,19445.079293981482,3.451,30.556,33.171,22,GT,78
722,14.851300239562988,67.98999786376953,19445.095752314814,3.5780000000000003,30.711000000000002,33.227000000000004,22,GT,77
723,14.777000427246094,68.03179931640625,19445.126319444444,3.44,30.578,33.21,22,GT,76
724,14.705699920654297,68.0707015991211,19445.156666666666,3.404,30.442,33.083,22,GT,71
725,14.631500244140625,68.11329650878906,19445.186979166665,3.5180000000000002,30.618000000000002,33.178,22,GT,70
726,14.552200317382812,68.15869903564453,19445.214421296296,3.4530000000000003,30.518,33.124,22,GT,67
727,14.524800300598145,68.17050170898438,19445.236041666667,3.559,30.7,33.234,22,GT,66
728,14.499799728393555,68.18319702148438,19445.25619212963,3.481,30.556,33.143,22,GT,65
729,14.4822998046875,68.19100189208984,19445.27259259259,3.391,30.439,33.094,22,GT,64
730,14.480299949645996,68.19750213623047,19445.28753472222,3.4090000000000003,30.464000000000002,33.104,22,GT,63
731,14.706999778747559,68.27799987792969,19445.416747685184,3.968,31.182000000000002,33.392,22,GT,73
732,14.708999633789062,68.23600006103516,19445.44824074074,3.892,31.123,33.399,22,GT,74
733,14.350000381469727,68.14199829101562,19445.583425925925,3.535,30.682000000000002,33.237,22,GT,60
734,14.461000442504883,68.09449768066406,19445.609803240743,3.556,30.691,33.226,22,GT,61
735,14.264699935913086,68.05400085449219,19445.647858796296,3.595,30.807000000000002,33.325,22,GT,59
736,14.048800468444824,68.14099884033203,19445.69234953704,3.684,30.928,33.379,22,GT,54
737,14.087800025939941,68.14179992675781,19445.75084490741,3.7840000000000003,31.046,33.418,22,GT,55
738,14.007499694824219,68.12850189208984,19445.84650462963,3.568,30.762,33.299,22,GT,52
739,13.882699966430664,68.08529663085938,19445.883240740743,3.507,30.666,33.247,22,GT,48
740,14.094200134277344,67.9937973022461,19446.01625,3.575,30.781000000000002,33.315,22,GT,56
741,13.882699966430664,67.93800354003906,19446.06613425926,3.9050000000000002,31.18,33.454,22,GT,47
742,13.673500061035156,68.03450012207031,19446.199861111112,3.968,31.332,33.568,22,GT,43
743,13.447799682617188,68.01180267333984,19446.302581018517,3.982,31.313000000000002,33.533,22,GT,38
744,13.763299942016602,67.88800048828125,19446.365335648148,4.206,31.586000000000002,33.625,22,GT,45
745,13.593500137329102,67.84320068359375,19446.399837962963,4.499,32.002,33.814,22,GT,41
746,13.249300003051758,67.97429656982422,19446.46584490741,4.233,31.639,33.660000000000004,22,GT,34
747,13.131500244140625,67.89779663085938,19446.569479166665,3.81,31.131,33.493,22,GT,29
748,13.363800048828125,67.7927017211914,19446.625787037035,4.487,31.978,33.799,22,GT,37
749,13.273200035095215,67.72750091552734,19446.668055555554,4.284,31.738,33.725,22,GT,35
750,12.991299629211426,67.83570098876953,19446.724988425925,3.779,31.101,33.488,22,GT,27
751,12.915499687194824,67.72270202636719,19446.806539351852,3.809,31.138,33.501,22,GT,25
752,13.102999687194824,67.66580200195312,19446.848530092593,4.1930000000000005,31.604,33.659,22,GT,28
753,12.924300193786621,67.59950256347656,19446.89511574074,4.054,31.449,33.619,22,GT,26
754,12.805800437927246,67.65769958496094,19446.92954861111,4.521,32.032000000000004,33.826,22,GT,22
755,12.646499633789062,67.59750366210938,19446.96445601852,4.5200000000000005,32.027,33.822,22,GT,20
756,5.199699878692627,62.36520004272461,19376.416006944444,7.346,35.084,34.422000000000004,23,GT,15
757,4.948299884796143,62.486000061035156,19376.46545138889,7.719,35.622,34.634,23,GT,14
758,4.700200080871582,62.604801177978516,19376.541805555556,7.796,35.722,34.665,23,GT,13
759,4.439300060272217,62.72129821777344,19376.5946875,8.771,37.151,35.222,23,GT,12
760,4.197000026702881,62.83720016479492,19376.703344907408,8.947000000000001,37.336,35.242,23,GT,11
761,3.920300006866455,62.95750045776367,19376.779675925925,8.63,37.06,35.265,23,GT,10
762,3.680299997329712,63.0802001953125,19376.894652777777,9.074,37.533,35.322,23,GT,9
763,3.4007999897003174,63.19329833984375,19377.191574074073,8.355,36.762,35.223,23,GT,8
764,3.1247000694274902,63.30820083618164,19377.41828703704,8.266,36.672000000000004,35.217,23,GT,7
765,2.871299982070923,63.426300048828125,19377.554444444442,8.649000000000001,37.041000000000004,35.226,23,GT,6
766,2.357800006866455,63.68220138549805,19377.72627314815,8.696,37.106,35.249,23,GT,5
767,1.8037999868392944,63.89979934692383,19377.885081018518,8.45,36.897,35.273,23,GT,4
768,1.2725000381469727,64.13780212402344,19378.095613425925,7.769,36.21,35.22,23,GT,3
769,0.7105000019073486,64.37149810791016,19378.282546296297,6.67,35.1,35.121,23,GT,2
770,0.0017000000225380063,64.6697006225586,19378.46390046296,6.822,35.252,35.134,23,GT,1
771,16.55780029296875,71.48570251464844,19419.788472222222,6.7090000000000005,35.122,35.107,23,GT,97
772,16.913999557495117,71.51480102539062,19420.019710648146,6.407,34.701,34.946,23,GT,103
773,17.082199096679688,70.99929809570312,19420.203819444443,6.646,34.978,35.012,23,GT,104
774,17.725299835205078,69.69580078125,19439.23996527778,4.763,32.559,34.193,23,GT,108
775,17.437299728393555,69.78970336914062,19439.306979166668,5.096,32.966,34.32,23,GT,107
776,17.097999572753906,69.9031982421875,19439.388506944444,5.188,33.082,34.361000000000004,23,GT,105
777,16.80299949645996,70.00250244140625,19439.486747685183,6.708,34.953,34.919000000000004,23,GT,100
778,16.58530044555664,69.85179901123047,19439.573935185184,6.383,34.534,34.784,23,GT,99
779,16.90920066833496,69.72920227050781,19439.690555555553,6.026,34.075,34.632,23,GT,102
780,17.148799896240234,69.63600158691406,19439.73730324074,5.949,34.0,34.628,23,GT,106
781,16.877500534057617,69.51180267333984,19439.80318287037,4.569,32.341,34.139,23,GT,101
782,16.559200286865234,69.61920166015625,19439.871446759258,5.708,33.675,34.505,23,GT,98
783,16.2637996673584,69.7229995727539,19439.937337962965,6.501,34.683,34.83,23,GT,95
784,16.202499389648438,69.63629913330078,19440.0962962963,6.9670000000000005,35.27,35.005,23,GT,94
785,15.883000373840332,69.63619995117188,19440.17855324074,6.835,35.283,35.156,23,GT,90
786,16.147300720214844,69.53050231933594,19440.333090277778,6.238,34.308,34.678,23,GT,93
787,16.387699127197266,69.4469985961914,19440.42486111111,5.489,33.379,34.392,23,GT,96
788,16.114299774169922,69.41020202636719,19440.486539351852,5.332,33.18,34.324,23,GT,92
789,15.969799995422363,69.35530090332031,19440.54326388889,4.988,32.756,34.19,23,GT,91
790,15.515000343322754,69.38300323486328,19440.648657407408,6.291,34.366,34.69,23,GT,88
791,15.15530014038086,69.38369750976562,19440.7115625,7.282,35.712,35.172000000000004,23,GT,85
792,15.396499633789062,69.29000091552734,19440.82591435185,5.916,33.921,34.571,23,GT,86
793,15.613200187683105,69.20379638671875,19440.87491898148,4.976,32.737,34.18,23,GT,89
794,15.40470027923584,69.06900024414062,19441.035069444446,4.663,32.373,34.078,23,GT,87
795,15.129199981689453,69.16699981689453,19441.085451388888,5.424,33.289,34.355000000000004,23,GT,84
796,14.893199920654297,69.25980377197266,19441.13236111111,6.801,35.001,34.879,23,GT,81
797,14.576000213623047,69.24980163574219,19441.18974537037,7.21,35.571,35.091,23,GT,68
798,14.472299575805664,69.14920043945312,19441.305856481482,6.766,34.972,34.881,23,GT,62
799,14.706000328063965,69.07720184326172,19441.385439814814,6.2700000000000005,34.335,34.676,23,GT,72
800,14.92549991607666,69.0009994506836,19441.43359953704,4.607,32.268,34.014,23,GT,82
801,14.63029956817627,68.89769744873047,19441.498831018518,4.601,32.26,34.01,23,GT,69
802,14.019499778747559,69.08370208740234,19441.65457175926,7.324,35.738,35.158,23,GT,53
803,13.916799545288086,69.02320098876953,19441.71292824074,7.2010000000000005,35.572,35.101,23,GT,49
804,13.602499961853027,68.99330139160156,19441.77960648148,7.255,35.633,35.113,23,GT,42
805,13.943300247192383,68.86930084228516,19441.85179398148,6.284,34.34,34.667,23,GT,50
806,14.264300346374512,68.75900268554688,19441.911770833332,4.931,32.637,34.111000000000004,23,GT,58
807,14.222200393676758,68.54879760742188,19442.02099537037,4.971,32.639,34.071,23,GT,57
808,14.755499839782715,68.64250183105469,19442.386296296296,3.769,31.05,33.437,23,GT,75
809,15.09179973602295,68.72149658203125,19442.445405092592,3.214,29.939,32.67,23,GT,83
810,13.729999542236328,68.71080017089844,19442.71185185185,6.069,34.058,34.57,23,GT,44
811,13.318499565124512,68.85279846191406,19442.819826388888,6.921,35.141,34.911,23,GT,36
812,13.18220043182373,68.80419921875,19442.883553240743,6.981,35.242,34.961,23,GT,31
813,12.839300155639648,68.80570220947266,19443.038229166665,7.257000000000001,35.637,35.115,23,GT,23
814,13.204000473022461,68.68099975585938,19443.101041666665,6.619,34.739,34.773,23,GT,33
815,13.563199996948242,68.55719757080078,19443.1587962963,5.713,33.608000000000004,34.424,23,GT,40
816,13.996800422668457,68.41570281982422,19443.223877314816,5.3580000000000005,33.151,34.264,23,GT,51
817,13.772500038146973,68.37770080566406,19443.27571759259,4.97,32.596000000000004,34.023,23,GT,46
818,13.525199890136719,68.33280181884766,19443.33792824074,5.208,32.914,34.146,23,GT,39
819,13.18970012664795,68.447998046875,19443.461469907408,5.511,33.328,34.312,23,GT,32
820,12.882699966430664,68.5593032836914,19443.54034722222,6.62,34.725,34.754,23,GT,24
821,12.5201997756958,68.69329833984375,19443.695092592592,7.140000000000001,35.47,35.052,23,GT,19
822,12.43019962310791,68.6082992553711,19443.754699074074,7.069,35.331,34.97,23,GT,17
823,12.095199584960938,68.60769653320312,19443.82943287037,7.2700000000000005,35.662,35.128,23,GT,16
824,12.453700065612793,68.4708023071289,19443.889837962965,6.079,34.079,34.583,23,GT,18
825,12.764800071716309,68.3655014038086,19443.938738425928,6.513,34.609,34.736000000000004,23,GT,21
826,13.145299911499023,68.23580169677734,19443.999988425927,5.36,33.115,34.221000000000004,23,GT,30
827,14.8927001953125,67.96269989013672,19445.053969907407,3.607,30.692,33.175,23,GT,80
828,14.88129997253418,67.96980285644531,19445.065578703703,3.499,30.603,33.179,23,GT,79
829,14.878000259399414,67.97920227050781,19445.079293981482,3.458,30.565,33.175,23,GT,78
830,14.851300239562988,67.98999786376953,19445.095752314814,3.626,30.764,33.241,23,GT,77
831,14.777000427246094,68.03179931640625,19445.126319444444,3.479,30.621000000000002,33.22,23,GT,76
832,14.705699920654297,68.0707015991211,19445.156666666666,3.4050000000000002,30.444,33.084,23,GT,71
833,14.631500244140625,68.11329650878906,19445.186979166665,3.529,30.637,33.19,23,GT,70
834,14.552200317382812,68.15869903564453,19445.214421296296,3.468,30.551000000000002,33.148,23,GT,67
835,14.524800300598145,68.17050170898438,19445.236041666667,3.62,30.79,33.28,23,GT,66
836,14.499799728393555,68.18319702148438,19445.25619212963,3.499,30.580000000000002,33.152,23,GT,65
837,14.4822998046875,68.19100189208984,19445.27259259259,3.398,30.449,33.098,23,GT,64
838,14.480299949645996,68.19750213623047,19445.28753472222,3.4410000000000003,30.507,33.123,23,GT,63
839,14.706999778747559,68.27799987792969,19445.416747685184,3.989,31.211000000000002,33.404,23,GT,73
840,14.708999633789062,68.23600006103516,19445.44824074074,3.918,31.162,33.418,23,GT,74
841,14.350000381469727,68.14199829101562,19445.583425925925,3.539,30.687,33.24,23,GT,60
842,14.461000442504883,68.09449768066406,19445.609803240743,3.567,30.704,33.230000000000004,23,GT,61
843,14.264699935913086,68.05400085449219,19445.647858796296,3.6,30.814,33.327,23,GT,59
844,14.048800468444824,68.14099884033203,19445.69234953704,3.688,30.934,33.38,23,GT,54
845,14.087800025939941,68.14179992675781,19445.75084490741,3.7840000000000003,31.047,33.418,23,GT,55
846,14.007499694824219,68.12850189208984,19445.84650462963,3.568,30.762,33.299,23,GT,52
847,13.882699966430664,68.08529663085938,19445.883240740743,3.508,30.667,33.247,23,GT,48
848,14.094200134277344,67.9937973022461,19446.01625,3.58,30.787,33.317,23,GT,56
849,13.882699966430664,67.93800354003906,19446.06613425926,3.911,31.189,33.457,23,GT,47
850,13.673500061035156,68.03450012207031,19446.199861111112,3.993,31.366,33.582,23,GT,43
851,13.447799682617188,68.01180267333984,19446.302581018517,3.992,31.328,33.539,23,GT,38
852,13.763299942016602,67.88800048828125,19446.365335648148,4.28,31.676000000000002,33.655,23,GT,45
853,13.593500137329102,67.84320068359375,19446.399837962963,4.515,32.023,33.822,23,GT,41
854,13.249300003051758,67.97429656982422,19446.46584490741,4.238,31.645,33.662,23,GT,34
855,13.131500244140625,67.89779663085938,19446.569479166665,3.8120000000000003,31.136,33.495,23,GT,29
856,13.363800048828125,67.7927017211914,19446.625787037035,4.488,31.981,33.801,23,GT,37
857,13.273200035095215,67.72750091552734,19446.668055555554,4.281,31.735,33.724000000000004,23,GT,35
858,12.991299629211426,67.83570098876953,19446.724988425925,3.7800000000000002,31.102,33.488,23,GT,27
859,12.915499687194824,67.72270202636719,19446.806539351852,3.81,31.139,33.501,23,GT,25
860,13.102999687194824,67.66580200195312,19446.848530092593,4.174,31.582,33.652,23,GT,28
861,12.924300193786621,67.59950256347656,19446.89511574074,4.057,31.452,33.619,23,GT,26
862,12.805800437927246,67.65769958496094,19446.92954861111,4.525,32.036,33.827,23,GT,22
863,12.646499633789062,67.59750366210938,19446.96445601852,4.531,32.042,33.827,23,GT,20
864,5.199699878692627,62.36520004272461,19376.416006944444,7.343,35.082,34.42,24,GT,15
865,4.948299884796143,62.486000061035156,19376.46545138889,7.716,35.619,34.633,24,GT,14
866,4.700200080871582,62.604801177978516,19376.541805555556,7.799,35.726,34.666000000000004,24,GT,13
867,4.439300060272217,62.72129821777344,19376.5946875,8.771,37.152,35.222,24,GT,12
868,4.197000026702881,62.83720016479492,19376.703344907408,8.947000000000001,37.336,35.242,24,GT,11
869,3.920300006866455,62.95750045776367,19376.779675925925,8.631,37.061,35.265,24,GT,10
870,3.680299997329712,63.0802001953125,19376.894652777777,9.074,37.533,35.321,24,GT,9
871,3.4007999897003174,63.19329833984375,19377.191574074073,8.356,36.764,35.224000000000004,24,GT,8
872,3.1247000694274902,63.30820083618164,19377.41828703704,8.266,36.672000000000004,35.216,24,GT,7
873,2.871299982070923,63.426300048828125,19377.554444444442,8.652000000000001,37.045,35.227000000000004,24,GT,6
874,2.357800006866455,63.68220138549805,19377.72627314815,8.696,37.106,35.248,24,GT,5
875,1.8037999868392944,63.89979934692383,19377.885081018518,8.449,36.898,35.273,24,GT,4
876,1.2725000381469727,64.13780212402344,19378.095613425925,7.7700000000000005,36.212,35.22,24,GT,3
877,0.7105000019073486,64.37149810791016,19378.282546296297,6.67,35.101,35.121,24,GT,2
878,0.0017000000225380063,64.6697006225586,19378.46390046296,6.822,35.252,35.134,24,GT,1
879,16.55780029296875,71.48570251464844,19419.788472222222,6.7540000000000004,35.172000000000004,35.115,24,GT,97
880,16.913999557495117,71.51480102539062,19420.019710648146,6.41,34.705,34.947,24,GT,103
881,17.082199096679688,70.99929809570312,19420.203819444443,6.6450000000000005,34.979,35.013,24,GT,104
882,17.725299835205078,69.69580078125,19439.23996527778,4.763,32.559,34.193,24,GT,108
883,17.437299728393555,69.78970336914062,19439.306979166668,5.103,32.971000000000004,34.32,24,GT,107
884,17.097999572753906,69.9031982421875,19439.388506944444,5.187,33.082,34.361000000000004,24,GT,105
885,16.80299949645996,70.00250244140625,19439.486747685183,6.71,34.955,34.919000000000004,24,GT,100
886,16.58530044555664,69.85179901123047,19439.573935185184,6.382000000000001,34.533,34.784,24,GT,99
887,16.90920066833496,69.72920227050781,19439.690555555553,6.035,34.086,34.635,24,GT,102
888,17.148799896240234,69.63600158691406,19439.73730324074,5.966,34.022,34.635,24,GT,106
889,16.877500534057617,69.51180267333984,19439.80318287037,4.578,32.352000000000004,34.141,24,GT,101
890,16.559200286865234,69.61920166015625,19439.871446759258,5.7090000000000005,33.676,34.505,24,GT,98
891,16.2637996673584,69.7229995727539,19439.937337962965,6.503,34.686,34.831,24,GT,95
892,16.202499389648438,69.63629913330078,19440.0962962963,6.962,35.263,35.002,24,GT,94
893,15.883000373840332,69.63619995117188,19440.17855324074,6.835,35.284,35.157000000000004,24,GT,90
894,16.147300720214844,69.53050231933594,19440.333090277778,6.239,34.309,34.678,24,GT,93
895,16.387699127197266,69.4469985961914,19440.42486111111,5.489,33.38,34.392,24,GT,96
896,16.114299774169922,69.41020202636719,19440.486539351852,5.331,33.179,34.324,24,GT,92
897,15.969799995422363,69.35530090332031,19440.54326388889,4.988,32.757,34.19,24,GT,91
898,15.515000343322754,69.38300323486328,19440.648657407408,6.347,34.428,34.702,24,GT,88
899,15.15530014038086,69.38369750976562,19440.7115625,7.282,35.713,35.172000000000004,24,GT,85
900,15.396499633789062,69.29000091552734,19440.82591435185,5.917,33.923,34.572,24,GT,86
901,15.613200187683105,69.20379638671875,19440.87491898148,4.984,32.746,34.183,24,GT,89
902,15.40470027923584,69.06900024414062,19441.035069444446,4.687,32.402,34.088,24,GT,87
903,15.129199981689453,69.16699981689453,19441.085451388888,5.438,33.308,34.361000000000004,24,GT,84
904,14.893199920654297,69.25980377197266,19441.13236111111,6.8,35.001,34.879,24,GT,81
905,14.576000213623047,69.24980163574219,19441.18974537037,7.2090000000000005,35.57,35.091,24,GT,68
906,14.472299575805664,69.14920043945312,19441.305856481482,6.767,34.974000000000004,34.881,24,GT,62
907,14.706000328063965,69.07720184326172,19441.385439814814,6.272,34.337,34.676,24,GT,72
908,14.92549991607666,69.0009994506836,19441.43359953704,4.611,32.273,34.016,24,GT,82
909,14.63029956817627,68.89769744873047,19441.498831018518,4.604,32.264,34.012,24,GT,69
910,14.019499778747559,69.08370208740234,19441.65457175926,7.324,35.738,35.158,24,GT,53
911,13.916799545288086,69.02320098876953,19441.71292824074,7.2010000000000005,35.572,35.1,24,GT,49
912,13.602499961853027,68.99330139160156,19441.77960648148,7.255,35.633,35.112,24,GT,42
913,13.943300247192383,68.86930084228516,19441.85179398148,6.272,34.325,34.661,24,GT,50
914,14.264300346374512,68.75900268554688,19441.911770833332,4.932,32.64,34.112,24,GT,58
915,14.222200393676758,68.54879760742188,19442.02099537037,4.9670000000000005,32.634,34.068,24,GT,57
916,14.755499839782715,68.64250183105469,19442.386296296296,3.774,31.060000000000002,33.444,24,GT,75
917,15.09179973602295,68.72149658203125,19442.445405092592,3.212,29.982,32.724000000000004,24,GT,83
918,13.729999542236328,68.71080017089844,19442.71185185185,6.069,34.059,34.57,24,GT,44
919,13.318499565124512,68.85279846191406,19442.819826388888,6.921,35.141,34.911,24,GT,36
920,13.18220043182373,68.80419921875,19442.883553240743,6.981,35.243,34.962,24,GT,31
921,12.839300155639648,68.80570220947266,19443.038229166665,7.259,35.638,35.115,24,GT,23
922,13.204000473022461,68.68099975585938,19443.101041666665,6.62,34.74,34.773,24,GT,33
923,13.563199996948242,68.55719757080078,19443.1587962963,5.715,33.611000000000004,34.425000000000004,24,GT,40
924,13.996800422668457,68.41570281982422,19443.223877314816,5.359,33.151,34.264,24,GT,51
925,13.772500038146973,68.37770080566406,19443.27571759259,4.97,32.597,34.023,24,GT,46
926,13.525199890136719,68.33280181884766,19443.33792824074,5.208,32.915,34.146,24,GT,39
927,13.18970012664795,68.447998046875,19443.461469907408,5.51,33.328,34.312,24,GT,32
928,12.882699966430664,68.5593032836914,19443.54034722222,6.62,34.725,34.754,24,GT,24
929,12.5201997756958,68.69329833984375,19443.695092592592,7.141,35.472,35.052,24,GT,19
930,12.43019962310791,68.6082992553711,19443.754699074074,7.069,35.331,34.97,24,GT,17
931,12.095199584960938,68.60769653320312,19443.82943287037,7.275,35.667,35.128,24,GT,16
932,12.453700065612793,68.4708023071289,19443.889837962965,6.074,34.074,34.582,24,GT,18
933,12.764800071716309,68.3655014038086,19443.938738425928,6.514,34.611000000000004,34.736000000000004,24,GT,21
934,13.145299911499023,68.23580169677734,19443.999988425927,5.36,33.115,34.221000000000004,24,GT,30
935,14.8927001953125,67.96269989013672,19445.053969907407,3.608,30.693,33.175,24,GT,80
936,14.88129997253418,67.96980285644531,19445.065578703703,3.508,30.614,33.182,24,GT,79
937,14.878000259399414,67.97920227050781,19445.079293981482,3.487,30.598,33.184,24,GT,78
938,14.851300239562988,67.98999786376953,19445.095752314814,3.728,30.88,33.275,24,GT,77
939,14.777000427246094,68.03179931640625,19445.126319444444,3.491,30.636,33.225,24,GT,76
940,14.705699920654297,68.0707015991211,19445.156666666666,3.406,30.445,33.084,24,GT,71
941,14.631500244140625,68.11329650878906,19445.186979166665,3.537,30.654,33.2,24,GT,70
942,14.552200317382812,68.15869903564453,19445.214421296296,3.499,30.602,33.178,24,GT,67
943,14.524800300598145,68.17050170898438,19445.236041666667,3.7110000000000003,30.92,33.342,24,GT,66
944,14.499799728393555,68.18319702148438,19445.25619212963,3.509,30.598,33.163000000000004,24,GT,65
945,14.4822998046875,68.19100189208984,19445.27259259259,3.415,30.474,33.109,24,GT,64
946,14.480299949645996,68.19750213623047,19445.28753472222,3.464,30.543,33.142,24,GT,63
947,14.706999778747559,68.27799987792969,19445.416747685184,4.042,31.277,33.427,24,GT,73
948,14.708999633789062,68.23600006103516,19445.44824074074,3.952,31.216,33.448,24,GT,74
949,14.350000381469727,68.14199829101562,19445.583425925925,3.541,30.691,33.242,24,GT,60
950,14.461000442504883,68.09449768066406,19445.609803240743,3.5740000000000003,30.715,33.235,24,GT,61
951,14.264699935913086,68.05400085449219,19445.647858796296,3.608,30.824,33.331,24,GT,59
952,14.048800468444824,68.14099884033203,19445.69234953704,3.694,30.942,33.384,24,GT,54
953,14.087800025939941,68.14179992675781,19445.75084490741,3.7800000000000002,31.043,33.417,24,GT,55
954,14.007499694824219,68.12850189208984,19445.84650462963,3.575,30.773,33.304,24,GT,52
955,13.882699966430664,68.08529663085938,19445.883240740743,3.508,30.669,33.248,24,GT,48
956,14.094200134277344,67.9937973022461,19446.01625,3.583,30.792,33.318,24,GT,56
957,13.882699966430664,67.93800354003906,19446.06613425926,3.928,31.211000000000002,33.466,24,GT,47
958,13.673500061035156,68.03450012207031,19446.199861111112,4.0200000000000005,31.403000000000002,33.598,24,GT,43
959,13.447799682617188,68.01180267333984,19446.302581018517,4.0200000000000005,31.365000000000002,33.554,24,GT,38
960,13.763299942016602,67.88800048828125,19446.365335648148,4.449,31.867,33.707,24,GT,45
961,13.593500137329102,67.84320068359375,19446.399837962963,4.531,32.043,33.828,24,GT,41
962,13.249300003051758,67.97429656982422,19446.46584490741,4.244,31.652,33.663000000000004,24,GT,34
963,13.131500244140625,67.89779663085938,19446.569479166665,3.875,31.219,33.529,24,GT,29
964,13.363800048828125,67.7927017211914,19446.625787037035,4.497,31.994,33.806,24,GT,37
965,13.273200035095215,67.72750091552734,19446.668055555554,4.2940000000000005,31.754,33.732,24,GT,35
966,12.991299629211426,67.83570098876953,19446.724988425925,3.782,31.106,33.49,24,GT,27
967,12.915499687194824,67.72270202636719,19446.806539351852,3.81,31.14,33.501,24,GT,25
968,13.102999687194824,67.66580200195312,19446.848530092593,4.222,31.64,33.672000000000004,24,GT,28
969,12.924300193786621,67.59950256347656,19446.89511574074,4.054,31.45,33.618,24,GT,26
970,12.805800437927246,67.65769958496094,19446.92954861111,4.543,32.059,33.835,24,GT,22
971,12.646499633789062,67.59750366210938,19446.96445601852,4.586,32.112,33.853,24,GT,20
